Molecule,Compute,Basis Set,QUICK Total Time,cuEST Total Time,QUICK 2e Time,cuEST 2e Time,Total Speedup,2e Speedup,Absolute Error,Relative Error
gly12,BLYP,6-31G**,71.083435,56.691767,17.443102,1.051529,1.253858166,16.58832234,3.19E-03,1.24E-06
morphine,BLYP,6-31G**,56.436003,48.882263,4.599235,0.408701,1.154529261,11.25330009,9.54E-04,1.02E-06
taxol,BLYP,6-31G*,127.138358,100.133277,27.027671,2.122658,1.269691373,12.73293719,1.99E-03,6.80E-07
taxol,BLYP,6-31G**,142.497061,110.444642,32.601879,2.496849,1.29021253,13.05720891,2.38E-03,8.15E-07
