
======== FILE: ./morphine-3/morphine_def2-SV(P).out ========
                                         SCF ENERGY
| ------------------------------------------------------------------------------------------------------------------------
| NCYC       ENERGY         DELTA_E      SCF_TIME  DII_CYC   DII_TIME   O_TIME  DIAG_TIME    MAX_ERR    RMS_CHG    MAX_CHG
| ------------------------------------------------------------------------------------------------------------------------
|  1   -942.504262848      ------         4.180     1        0.01      4.16      0.01    0.2218E+01  0.2713E-01  0.6833E+00
|  2   -937.813917181  -.469035E+01       4.329     2        0.01      4.31      0.01    0.3122E+00  0.2212E-01  0.1008E+01
|  3   -936.817357609  -.996560E+00       4.324     3        0.02      4.31      0.01    0.5448E+00  0.1309E-01  0.6223E+00
|   ***  Level shifting applied  ( HOMO-LUMO gap =  0.020 au ) ***
|  4   -938.439622658  0.162227E+01       4.310     4        0.02      4.29      0.01    0.6708E-01  0.4634E-02  0.1467E+00
|  5   -938.517621753  0.779991E-01       4.289     5        0.02      4.27      0.01    0.2165E-01  0.9352E-03  0.2753E-01
|  6   -938.522134350  0.451260E-02       4.262     6        0.02      4.25      0.01    0.1590E-01  0.4711E-03  0.1465E-01
|  7   -938.523528161  0.139381E-02       4.250     7        0.02      4.23      0.01    0.6295E-02  0.2060E-03  0.5676E-02
|  8   -938.524008140  0.479979E-03       4.230     8        0.02      4.21      0.01    0.1605E-02  0.5031E-04  0.1585E-02
|  9   -938.524032237  0.240961E-04       4.198     9        0.02      4.18      0.01    0.6385E-03  0.1838E-04  0.6195E-03
| 10   -938.524034593  0.235631E-05       4.175    10        0.02      4.16      0.01    0.1594E-03  0.4801E-05  0.1792E-03
| 11   -938.524034757  0.164444E-06       4.149     1        0.02      4.13      0.01    0.8113E-04  0.2347E-05  0.7835E-04
| 12   -938.524034801  0.440646E-07       4.133     2        0.02      4.12      0.01    0.1804E-04  0.6229E-06  0.2117E-04
| ------------------------------------------------------------------------------------------------------------------------
| REACH CONVERGENCE AFTER  12 CYCLES
| MAX ERROR = 0.180355E-04   RMS CHANGE = 0.622950E-06   MAX CHANGE = 0.211744E-04
| -----------------------------------------------
 ALPHA ELECTRON DENSITY    =    75.9992248266
 BETA ELECTRON DENSITY     =    75.9992248266
 ELECTRONIC ENERGY    =  -2767.831305282
 CORE_CORE REPULSION  =   1829.307270481
 TOTAL ENERGY         =   -938.524034801

 @ End Energy calculation

  Skipping one-electron property calculation.

 @ Output Timing Information

------------- TIMING ---------------
| INITIAL GUESS TIME  =     0.512684000(  0.99%)
| DFT GRID OPERATIONS =     0.154303000(  0.30%)
| TOTAL SCF TIME      =    50.852867000( 98.34%)
|       TOTAL OP TIME      =    50.657534000( 97.96%)
|             TOTAL 1e TIME      =     0.025162000(  0.05%)
|             TOTAL 2e TIME      =     4.229306000(  8.18%)
|             TOTAL EXC TIME     =    46.368449000( 89.67%)
|       TOTAL DII TIME      =     0.193864000(  0.37%)
|             TOTAL DIAG TIME    =     0.095893000(  0.19%)
| TOTAL TIME          =    51.712766000
------------------------------------
| Job cpu time:  0 days  0 hours  0 minutes 51.7 seconds.

 @ Finish Output Timing Information

| Normal Termination. Task Finished on: Tue Jul  7 03:24:36 2026

======== FILE: ./morphine-3/morphine_6-31G*.out ========
                                         SCF ENERGY
| ------------------------------------------------------------------------------------------------------------------------
| NCYC       ENERGY         DELTA_E      SCF_TIME  DII_CYC   DII_TIME   O_TIME  DIAG_TIME    MAX_ERR    RMS_CHG    MAX_CHG
| ------------------------------------------------------------------------------------------------------------------------
|  1   -942.178111153      ------         4.244     1        0.01      4.23      0.01    0.2046E+01  0.2113E-01  0.5388E+00
|  2   -938.482888342  -.369522E+01       4.314     2        0.01      4.30      0.01    0.2778E+00  0.1625E-01  0.5434E+00
|  3   -937.728828869  -.754059E+00       4.299     3        0.02      4.28      0.01    0.4796E+00  0.9621E-02  0.3415E+00
|   ***  Level shifting applied  ( HOMO-LUMO gap =  0.062 au ) ***
|  4   -939.160740392  0.143191E+01       4.285     4        0.02      4.27      0.01    0.5262E-01  0.2742E-02  0.9848E-01
|  5   -939.202257523  0.415171E-01       4.257     5        0.02      4.24      0.01    0.2749E-01  0.7159E-03  0.2921E-01
|  6   -939.207938944  0.568142E-02       4.225     6        0.02      4.21      0.01    0.1323E-01  0.2904E-03  0.1556E-01
|  7   -939.208671356  0.732413E-03       4.201     7        0.02      4.18      0.01    0.9703E-02  0.1364E-03  0.8364E-02
|  8   -939.209009292  0.337936E-03       4.183     8        0.02      4.17      0.01    0.2108E-02  0.3757E-04  0.1735E-02
|  9   -939.209027457  0.181650E-04       4.150     9        0.02      4.13      0.01    0.6873E-03  0.1540E-04  0.5370E-03
| 10   -939.209030279  0.282150E-05       4.124    10        0.02      4.11      0.01    0.2347E-03  0.5008E-05  0.2002E-03
| 11   -939.209030564  0.285845E-06       4.095     1        0.02      4.08      0.01    0.7544E-04  0.1994E-05  0.6340E-04
| 12   -939.209030616  0.517489E-07       4.072     2        0.02      4.06      0.01    0.2296E-04  0.5497E-06  0.1831E-04
| ------------------------------------------------------------------------------------------------------------------------
| REACH CONVERGENCE AFTER  12 CYCLES
| MAX ERROR = 0.229554E-04   RMS CHANGE = 0.549706E-06   MAX CHANGE = 0.183054E-04
| -----------------------------------------------
 ALPHA ELECTRON DENSITY    =    75.9993459036
 BETA ELECTRON DENSITY     =    75.9993459036
 ELECTRONIC ENERGY    =  -2768.516301097
 CORE_CORE REPULSION  =   1829.307270481
 TOTAL ENERGY         =   -939.209030616

 @ End Energy calculation

  Skipping one-electron property calculation.

 @ Output Timing Information

------------- TIMING ---------------
| INITIAL GUESS TIME  =     0.516253000(  1.01%)
| DFT GRID OPERATIONS =     0.155372000(  0.30%)
| TOTAL SCF TIME      =    50.477196000( 98.32%)
|       TOTAL OP TIME      =    50.280944000( 97.94%)
|             TOTAL 1e TIME      =     0.028071000(  0.05%)
|             TOTAL 2e TIME      =     5.463728000( 10.64%)
|             TOTAL EXC TIME     =    44.752189000( 87.17%)
|       TOTAL DII TIME      =     0.194812000(  0.38%)
|             TOTAL DIAG TIME    =     0.096106000(  0.19%)
| TOTAL TIME          =    51.339814000
------------------------------------
| Job cpu time:  0 days  0 hours  0 minutes 51.3 seconds.

 @ Finish Output Timing Information

| Normal Termination. Task Finished on: Tue Jul  7 03:20:37 2026

======== FILE: ./morphine-3/morphine_def2-TZVPP.out ========
|  1   -943.393179389      ------        42.167     1        0.09     42.08      0.03    0.2182E+01  0.1014E-01  0.3301E+01
|  2   -938.852506729  -.454067E+01     122.327     2        0.09    122.24      0.03    0.2765E+00  0.2520E-01  0.4242E+01
|  3   -937.519838105  -.133267E+01     123.257     3        0.10    123.15      0.03    0.5398E+00  0.1710E-01  0.3415E+01
|   ***  Level shifting applied  ( HOMO-LUMO gap =  0.020 au ) ***
|  4   -939.510499845  0.199066E+01     119.678     4        0.09    119.59      0.03    0.8168E-01  0.4906E-02  0.7446E+00
|  5   -939.601488998  0.909892E-01     115.469     5        0.09    115.38      0.03    0.3629E-01  0.7526E-03  0.1026E+00
|  6   -939.612861170  0.113722E-01     105.230     6        0.09    105.14      0.03    0.1152E-01  0.5977E-03  0.2123E+00
|  7   -939.614325848  0.146468E-02     101.554     7        0.09    101.46      0.03    0.6538E-02  0.1741E-03  0.2231E-01
|  8   -939.615101075  0.775227E-03      96.136     8        0.09     96.04      0.03    0.2578E-02  0.1167E-03  0.4222E-01
|  9   -939.615130386  0.293105E-04      89.719     9        0.09     89.62      0.03    0.1219E-02  0.7672E-04  0.2394E-01
| 10   -939.615134780  0.439360E-05      85.706    10        0.10     85.61      0.03    0.2712E-03  0.3118E-04  0.1148E-01
| 11   -939.615135251  0.471422E-06      79.952     1        0.10     79.85      0.03    0.1023E-03  0.1795E-04  0.5927E-02
| 12   -939.615135333  0.823534E-07      75.333     2        0.10     75.23      0.03    0.3279E-04  0.1073E-04  0.3657E-02
| 13   -939.615135351  0.181203E-07      71.204     3        0.10     71.10      0.03    0.2247E-04  0.6220E-05  0.2080E-02
| 14   -939.615135389  0.379496E-07      67.721     4        0.10     67.62      0.03    0.2217E-04  0.2536E-05  0.8865E-03
| 15   -939.615135442  0.527102E-07      62.574     5        0.10     62.47      0.03    0.2266E-04  0.1317E-05  0.4470E-03
| 16   -939.615135485  0.427599E-07      58.946     6        0.10     58.84      0.03    0.2258E-04  0.2890E-06  0.9320E-04
| ------------------------------------------------------------------------------------------------------------------------
| REACH CONVERGENCE AFTER  16 CYCLES
| MAX ERROR = 0.225798E-04   RMS CHANGE = 0.289035E-06   MAX CHANGE = 0.932021E-04
| -----------------------------------------------
 ALPHA ELECTRON DENSITY    =    76.0014273077
 BETA ELECTRON DENSITY     =    76.0014273077
 ELECTRONIC ENERGY    =  -2768.922405966
 CORE_CORE REPULSION  =   1829.307270481
 TOTAL ENERGY         =   -939.615135485

 @ End Energy calculation

  Skipping one-electron property calculation.

 @ Output Timing Information

------------- TIMING ---------------
| INITIAL GUESS TIME  =     2.492952000(  0.18%)
| DFT GRID OPERATIONS =     0.178856000(  0.01%)
| TOTAL SCF TIME      =  1417.363063000( 99.82%)
|       TOTAL OP TIME      =  1415.794289000( 99.71%)
|             TOTAL 1e TIME      =     0.389093000(  0.03%)
|             TOTAL 2e TIME      =  1075.818201000( 75.76%)
|             TOTAL EXC TIME     =   339.090729000( 23.88%)
|       TOTAL DII TIME      =     1.541488000(  0.11%)
|             TOTAL DIAG TIME    =     0.495064000(  0.03%)
| TOTAL TIME          =  1419.958250000
------------------------------------
| Job cpu time:  0 days  0 hours 23 minutes 40.0 seconds.

 @ Finish Output Timing Information

| Normal Termination. Task Finished on: Tue Jul  7 04:07:11 2026

======== FILE: ./morphine-3/morphine_6-31G.out ========
                                         SCF ENERGY
| ------------------------------------------------------------------------------------------------------------------------
| NCYC       ENERGY         DELTA_E      SCF_TIME  DII_CYC   DII_TIME   O_TIME  DIAG_TIME    MAX_ERR    RMS_CHG    MAX_CHG
| ------------------------------------------------------------------------------------------------------------------------
|  1   -942.401017343      ------         2.125     1        0.01      2.12      0.01    0.1984E+01  0.3293E-01  0.5079E+00
|  2   -938.352714280  -.404830E+01       2.145     2        0.01      2.14      0.00    0.2749E+00  0.2598E-01  0.8531E+00
|  3   -937.706671591  -.646043E+00       2.136     3        0.01      2.13      0.00    0.4470E+00  0.1513E-01  0.5517E+00
|   ***  Level shifting applied  ( HOMO-LUMO gap =  0.075 au ) ***
|  4   -938.922404844  0.121573E+01       2.129     4        0.01      2.12      0.01    0.4914E-01  0.4105E-02  0.9752E-01
|  5   -938.957487900  0.350831E-01       2.117     5        0.01      2.11      0.00    0.2250E-01  0.1312E-02  0.2774E-01
|  6   -938.961560463  0.407256E-02       2.105     6        0.01      2.10      0.00    0.1559E-01  0.5027E-03  0.1040E-01
|  7   -938.962437136  0.876673E-03       2.093     7        0.01      2.09      0.00    0.3342E-02  0.1960E-03  0.4116E-02
|  8   -938.962607295  0.170159E-03       2.084     8        0.01      2.08      0.00    0.1484E-02  0.5602E-04  0.1364E-02
|  9   -938.962624355  0.170603E-04       2.070     9        0.01      2.06      0.00    0.4107E-03  0.1843E-04  0.5414E-03
| 10   -938.962624996  0.640331E-06       2.059    10        0.01      2.05      0.00    0.3256E-03  0.7861E-05  0.2749E-03
| 11   -938.962625360  0.363957E-06       2.049     1        0.01      2.04      0.00    0.8283E-04  0.2330E-05  0.7607E-04
| 12   -938.962625379  0.197028E-07       2.036     2        0.01      2.03      0.00    0.1803E-04  0.6913E-06  0.1392E-04
| ------------------------------------------------------------------------------------------------------------------------
| REACH CONVERGENCE AFTER  12 CYCLES
| MAX ERROR = 0.180337E-04   RMS CHANGE = 0.691297E-06   MAX CHANGE = 0.139198E-04
| -----------------------------------------------
 ALPHA ELECTRON DENSITY    =    75.9993483639
 BETA ELECTRON DENSITY     =    75.9993483639
 ELECTRONIC ENERGY    =  -2768.269895860
 CORE_CORE REPULSION  =   1829.307270481
 TOTAL ENERGY         =   -938.962625379

 @ End Energy calculation

  Skipping one-electron property calculation.

 @ Output Timing Information

------------- TIMING ---------------
| INITIAL GUESS TIME  =     0.484805000(  1.87%)
| DFT GRID OPERATIONS =     0.149737000(  0.58%)
| TOTAL SCF TIME      =    25.161625000( 96.81%)
|       TOTAL OP TIME      =    25.072122000( 96.46%)
|             TOTAL 1e TIME      =     0.015744000(  0.06%)
|             TOTAL 2e TIME      =     2.426227000(  9.33%)
|             TOTAL EXC TIME     =    22.611202000( 86.99%)
|       TOTAL DII TIME      =     0.088999000(  0.34%)
|             TOTAL DIAG TIME    =     0.059806000(  0.23%)
| TOTAL TIME          =    25.991580000
------------------------------------
| Job cpu time:  0 days  0 hours  0 minutes 26.0 seconds.

 @ Finish Output Timing Information

| Normal Termination. Task Finished on: Tue Jul  7 03:19:46 2026

======== FILE: ./morphine-3/morphine_6-31+G**.out ========
| ------------------------------------------------------------------------------------------------------------------------
|  1   -943.171881323      ------         9.274     1        0.02      9.25      0.01    0.2268E+01  0.2956E-01  0.3295E+01
|  2   -938.654867625  -.451701E+01       9.609     2        0.02      9.59      0.01    0.2411E+00  0.1190E+01  0.1207E+03
|  3   -936.281159111  -.237371E+01       9.605     3        0.03      9.58      0.01    0.4395E+00  0.1128E+01  0.1145E+03
|   ***  Level shifting applied  ( HOMO-LUMO gap =  0.008 au ) ***
|  4   -939.149909414  0.286875E+01       9.590     4        0.03      9.56      0.01    0.1060E+00  0.6326E-01  0.5718E+01
|   ***  Level shifting applied  ( HOMO-LUMO gap =  0.123 au ) ***
|  5   -939.273026946  0.123118E+00       9.541     5        0.02      9.52      0.01    0.4156E-01  0.9565E-02  0.6426E+00
|  6   -939.282927268  0.990032E-02       9.500     6        0.02      9.48      0.01    0.2088E-01  0.1445E-02  0.7343E-01
|  7   -939.285931139  0.300387E-02       9.444     7        0.02      9.42      0.01    0.1125E-01  0.7604E-03  0.4242E-01
|  8   -939.286781239  0.850100E-03       9.403     8        0.02      9.38      0.01    0.2740E-02  0.1804E-03  0.1109E-01
|  9   -939.286893257  0.112018E-03       9.341     9        0.02      9.32      0.01    0.8338E-03  0.6112E-04  0.3239E-02
| 10   -939.286903394  0.101370E-04       9.277    10        0.02      9.25      0.01    0.3918E-03  0.3114E-04  0.2735E-02
| 11   -939.286903970  0.576042E-06       9.213     1        0.03      9.19      0.01    0.2790E-03  0.7976E-05  0.5218E-03
| 12   -939.286904247  0.276796E-06       9.135     2        0.03      9.11      0.01    0.4680E-04  0.3562E-05  0.3956E-03
| 13   -939.286904253  0.586351E-08       9.064     3        0.03      9.04      0.01    0.1919E-04  0.1068E-05  0.7605E-04
| 14   -939.286904258  0.519276E-08       9.019     4        0.03      8.99      0.01    0.1887E-04  0.4753E-06  0.4352E-04
| ------------------------------------------------------------------------------------------------------------------------
| REACH CONVERGENCE AFTER  14 CYCLES
| MAX ERROR = 0.188724E-04   RMS CHANGE = 0.475301E-06   MAX CHANGE = 0.435219E-04
| -----------------------------------------------
 ALPHA ELECTRON DENSITY    =    75.9989166909
 BETA ELECTRON DENSITY     =    75.9989166909
 ELECTRONIC ENERGY    =  -2768.594174739
 CORE_CORE REPULSION  =   1829.307270481
 TOTAL ENERGY         =   -939.286904258

 @ End Energy calculation

  Skipping one-electron property calculation.

 @ Output Timing Information

------------- TIMING ---------------
| INITIAL GUESS TIME  =     0.536212000(  0.41%)
| DFT GRID OPERATIONS =     0.160468000(  0.12%)
| TOTAL SCF TIME      =   131.060233000( 99.33%)
|       TOTAL OP TIME      =   130.715226000( 99.07%)
|             TOTAL 1e TIME      =     0.045224000(  0.03%)
|             TOTAL 2e TIME      =    18.693585000( 14.17%)
|             TOTAL EXC TIME     =   111.912317000( 84.82%)
|       TOTAL DII TIME      =     0.340635000(  0.26%)
|             TOTAL DIAG TIME    =     0.152235000(  0.12%)
| TOTAL TIME          =   131.942261000
------------------------------------
| Job cpu time:  0 days  0 hours  2 minutes 11.9 seconds.

 @ Finish Output Timing Information

| Normal Termination. Task Finished on: Tue Jul  7 03:23:44 2026

======== FILE: ./morphine-3/morphine_def2-TZVPD.out ========

                                         SCF ENERGY
| ------------------------------------------------------------------------------------------------------------------------
| NCYC       ENERGY         DELTA_E      SCF_TIME  DII_CYC   DII_TIME   O_TIME  DIAG_TIME    MAX_ERR    RMS_CHG    MAX_CHG
| ------------------------------------------------------------------------------------------------------------------------
|  1   -943.551146560      ------        83.891     1        0.09     83.80      0.03    0.2128E+01  0.6450E-02  0.3017E+00
|  2   -938.989241242  -.456191E+01     242.973     2        0.09    242.88      0.03    0.1932E+00  0.1373E-01  0.2535E+01
|  3   -938.047766920  -.941474E+00     243.641     3        0.11    243.53      0.03    0.3390E+00  0.8480E-02  0.1862E+01
|   ***  Level shifting applied  ( HOMO-LUMO gap =  0.024 au ) ***
|  4   -939.538664925  0.149090E+01     238.666     4        0.09    238.57      0.03    0.6814E-01  0.3917E-02  0.6282E+00
|  5   -939.598000055  0.593351E-01     234.145     5        0.09    234.05      0.03    0.3587E-01  0.3360E-03  0.2039E-01
|  6   -939.607680851  0.968080E-02     219.387     6        0.09    219.29      0.03    0.1779E-01  0.1669E-03  0.1156E-01
|  7   -939.609912007  0.223116E-02     213.164     7        0.09    213.07      0.03    0.1013E-01  0.6242E-04  0.4816E-02
|  8   -939.610605841  0.693834E-03     204.895     8        0.10    204.80      0.03    0.2257E-02  0.1515E-04  0.1035E-02
|  9   -939.610627516  0.216752E-04     191.684     9        0.10    191.58      0.03    0.1061E-02  0.7367E-05  0.5603E-03
| 10   -939.610633153  0.563681E-05     182.131    10        0.10    182.03      0.03    0.4032E-03  0.2722E-05  0.1704E-03
| 11   -939.610633881  0.728050E-06     170.854     1        0.11    170.74      0.03    0.1003E-03  0.9459E-06  0.4929E-04
| ------------------------------------------------------------------------------------------------------------------------
| REACH CONVERGENCE AFTER  11 CYCLES
| MAX ERROR = 0.100337E-03   RMS CHANGE = 0.945904E-06   MAX CHANGE = 0.492941E-04
| -----------------------------------------------
 ALPHA ELECTRON DENSITY    =    75.9989856041
 BETA ELECTRON DENSITY     =    75.9989856041
 ELECTRONIC ENERGY    =  -2768.917904361
 CORE_CORE REPULSION  =   1829.307270481
 TOTAL ENERGY         =   -939.610633881

 @ End Energy calculation

  Skipping one-electron property calculation.

 @ Output Timing Information

------------- TIMING ---------------
| INITIAL GUESS TIME  =     3.490962000(  0.16%)
| DFT GRID OPERATIONS =     0.188567000(  0.01%)
| TOTAL SCF TIME      =  2225.928447000( 99.84%)
|       TOTAL OP TIME      =  2224.852079000( 99.79%)
|             TOTAL 1e TIME      =     0.497972000(  0.02%)
|             TOTAL 2e TIME      =  1760.846149000( 78.98%)
|             TOTAL EXC TIME     =   462.930364000( 20.76%)
|       TOTAL DII TIME      =     1.055312000(  0.05%)
|             TOTAL DIAG TIME    =     0.337305000(  0.02%)
| TOTAL TIME          =  2229.433792000
------------------------------------
| Job cpu time:  0 days  0 hours 37 minutes  9.4 seconds.

 @ Finish Output Timing Information

| Normal Termination. Task Finished on: Tue Jul  7 04:44:21 2026

======== FILE: ./morphine-3/morphine_3-21G.out ========
                                         SCF ENERGY
| ------------------------------------------------------------------------------------------------------------------------
| NCYC       ENERGY         DELTA_E      SCF_TIME  DII_CYC   DII_TIME   O_TIME  DIAG_TIME    MAX_ERR    RMS_CHG    MAX_CHG
| ------------------------------------------------------------------------------------------------------------------------
|  1   -937.732965979      ------         1.458     1        0.01      1.45      0.01    0.2009E+01  0.3339E-01  0.5745E+00
|  2   -933.587789666  -.414518E+01       1.461     2        0.01      1.45      0.01    0.1715E+00  0.1838E-01  0.6452E+00
|  3   -933.183978467  -.403811E+00       1.459     3        0.01      1.45      0.00    0.2621E+00  0.1156E-01  0.4001E+00
|   ***  Level shifting applied  ( HOMO-LUMO gap =  0.105 au ) ***
|  4   -934.028419244  0.844441E+00       1.457     4        0.01      1.45      0.01    0.6224E-01  0.3090E-02  0.8348E-01
|  5   -934.048204155  0.197849E-01       1.453     5        0.01      1.45      0.01    0.3273E-01  0.1134E-02  0.3434E-01
|  6   -934.052487545  0.428339E-02       1.449     6        0.01      1.44      0.01    0.1718E-01  0.4886E-03  0.1666E-01
|  7   -934.053840124  0.135258E-02       1.446     7        0.01      1.44      0.01    0.7030E-02  0.1613E-03  0.5778E-02
|  8   -934.053972308  0.132184E-03       1.442     8        0.01      1.44      0.01    0.1913E-02  0.5725E-04  0.1800E-02
|  9   -934.053994085  0.217766E-04       1.439     9        0.01      1.43      0.01    0.3630E-03  0.1448E-04  0.4190E-03
| 10   -934.053994967  0.882309E-06       1.434    10        0.01      1.43      0.01    0.1531E-03  0.5183E-05  0.2938E-03
| 11   -934.053995139  0.171685E-06       1.429     1        0.01      1.42      0.01    0.4016E-04  0.1877E-05  0.7929E-04
| 12   -934.053995149  0.100845E-07       1.425     2        0.01      1.42      0.01    0.9416E-05  0.6482E-06  0.1420E-04
| ------------------------------------------------------------------------------------------------------------------------
| REACH CONVERGENCE AFTER  12 CYCLES
| MAX ERROR = 0.941632E-05   RMS CHANGE = 0.648222E-06   MAX CHANGE = 0.141997E-04
| -----------------------------------------------
 ALPHA ELECTRON DENSITY    =    75.9994413353
 BETA ELECTRON DENSITY     =    75.9994413353
 ELECTRONIC ENERGY    =  -2763.361265630
 CORE_CORE REPULSION  =   1829.307270481
 TOTAL ENERGY         =   -934.053995149

 @ End Energy calculation

  Skipping one-electron property calculation.

 @ Output Timing Information

------------- TIMING ---------------
| INITIAL GUESS TIME  =     0.505732000(  2.76%)
| DFT GRID OPERATIONS =     0.147462000(  0.80%)
| TOTAL SCF TIME      =    17.360840000( 94.73%)
|       TOTAL OP TIME      =    17.271304000( 94.24%)
|             TOTAL 1e TIME      =     0.008797000(  0.05%)
|             TOTAL 2e TIME      =     0.814494000(  4.44%)
|             TOTAL EXC TIME     =    16.435844000( 89.68%)
|       TOTAL DII TIME      =     0.089013000(  0.49%)
|             TOTAL DIAG TIME    =     0.060762000(  0.33%)
| TOTAL TIME          =    18.326478000
------------------------------------
| Job cpu time:  0 days  0 hours  0 minutes 18.3 seconds.

 @ Finish Output Timing Information

| Normal Termination. Task Finished on: Tue Jul  7 03:19:20 2026

======== FILE: ./morphine-3/morphine_def2-SVP.out ========
                                         SCF ENERGY
| ------------------------------------------------------------------------------------------------------------------------
| NCYC       ENERGY         DELTA_E      SCF_TIME  DII_CYC   DII_TIME   O_TIME  DIAG_TIME    MAX_ERR    RMS_CHG    MAX_CHG
| ------------------------------------------------------------------------------------------------------------------------
|  1   -942.504262847      ------         4.436     1        0.02      4.42      0.01    0.2218E+01  0.2279E-01  0.6696E+00
|  2   -937.859766065  -.464450E+01       4.643     2        0.02      4.63      0.01    0.3093E+00  0.1839E-01  0.9381E+00
|  3   -936.853970486  -.100580E+01       4.640     3        0.02      4.62      0.01    0.5449E+00  0.1078E-01  0.5724E+00
|   ***  Level shifting applied  ( HOMO-LUMO gap =  0.020 au ) ***
|  4   -938.485732475  0.163176E+01       4.624     4        0.02      4.61      0.01    0.6763E-01  0.3938E-02  0.1498E+00
|  5   -938.564018554  0.782861E-01       4.597     5        0.02      4.58      0.01    0.2198E-01  0.7703E-03  0.2727E-01
|  6   -938.568777125  0.475857E-02       4.557     6        0.02      4.54      0.01    0.1507E-01  0.3931E-03  0.1470E-01
|  7   -938.570083752  0.130663E-02       4.538     7        0.02      4.52      0.01    0.6312E-02  0.1793E-03  0.6236E-02
|  8   -938.570581828  0.498076E-03       4.515     8        0.02      4.50      0.01    0.1624E-02  0.4253E-04  0.1464E-02
|  9   -938.570604880  0.230528E-04       4.474     9        0.02      4.46      0.01    0.7086E-03  0.1589E-04  0.7297E-03
| 10   -938.570607427  0.254669E-05       4.451    10        0.02      4.43      0.01    0.1773E-03  0.4349E-05  0.1924E-03
| 11   -938.570607613  0.185800E-06       4.415     1        0.02      4.39      0.01    0.7778E-04  0.2088E-05  0.8125E-04
| 12   -938.570607665  0.517416E-07       4.396     2        0.02      4.38      0.01    0.1772E-04  0.5655E-06  0.2136E-04
| ------------------------------------------------------------------------------------------------------------------------
| REACH CONVERGENCE AFTER  12 CYCLES
| MAX ERROR = 0.177228E-04   RMS CHANGE = 0.565504E-06   MAX CHANGE = 0.213576E-04
| -----------------------------------------------
 ALPHA ELECTRON DENSITY    =    75.9992301924
 BETA ELECTRON DENSITY     =    75.9992301924
 ELECTRONIC ENERGY    =  -2767.877878145
 CORE_CORE REPULSION  =   1829.307270481
 TOTAL ENERGY         =   -938.570607665

 @ End Energy calculation

  Skipping one-electron property calculation.

 @ Output Timing Information

------------- TIMING ---------------
| INITIAL GUESS TIME  =     0.519642000(  0.94%)
| DFT GRID OPERATIONS =     0.154092000(  0.28%)
| TOTAL SCF TIME      =    54.314777000( 98.43%)
|       TOTAL OP TIME      =    54.089726000( 98.02%)
|             TOTAL 1e TIME      =     0.029061000(  0.05%)
|             TOTAL 2e TIME      =     5.199930000(  9.42%)
|             TOTAL EXC TIME     =    48.819590000( 88.47%)
|       TOTAL DII TIME      =     0.223074000(  0.40%)
|             TOTAL DIAG TIME    =     0.112807000(  0.20%)
| TOTAL TIME          =    55.182258000
------------------------------------
| Job cpu time:  0 days  0 hours  0 minutes 55.2 seconds.

 @ Finish Output Timing Information

| Normal Termination. Task Finished on: Tue Jul  7 03:25:31 2026

======== FILE: ./morphine-3/morphine_6-31G**.out ========
                                         SCF ENERGY
| ------------------------------------------------------------------------------------------------------------------------
| NCYC       ENERGY         DELTA_E      SCF_TIME  DII_CYC   DII_TIME   O_TIME  DIAG_TIME    MAX_ERR    RMS_CHG    MAX_CHG
| ------------------------------------------------------------------------------------------------------------------------
|  1   -942.178111153      ------         4.499     1        0.02      4.48      0.01    0.2046E+01  0.1817E-01  0.5361E+00
|  2   -938.515398773  -.366271E+01       4.615     2        0.02      4.60      0.01    0.2758E+00  0.1376E-01  0.5460E+00
|  3   -937.759654211  -.755745E+00       4.598     3        0.02      4.58      0.01    0.4786E+00  0.8102E-02  0.3307E+00
|   ***  Level shifting applied  ( HOMO-LUMO gap =  0.063 au ) ***
|  4   -939.195889068  0.143623E+01       4.579     4        0.02      4.56      0.01    0.5202E-01  0.2332E-02  0.9985E-01
|  5   -939.237087436  0.411984E-01       4.541     5        0.02      4.52      0.01    0.2790E-01  0.6117E-03  0.2962E-01
|  6   -939.242997731  0.591030E-02       4.502     6        0.02      4.48      0.01    0.1337E-01  0.2500E-03  0.1579E-01
|  7   -939.243725890  0.728159E-03       4.474     7        0.02      4.46      0.01    0.1005E-01  0.1185E-03  0.8562E-02
|  8   -939.244079272  0.353382E-03       4.445     8        0.02      4.43      0.01    0.2089E-02  0.3263E-04  0.1730E-02
|  9   -939.244097204  0.179318E-04       4.401     9        0.02      4.38      0.01    0.7304E-03  0.1348E-04  0.5659E-03
| 10   -939.244100216  0.301179E-05       4.371    10        0.02      4.35      0.01    0.2423E-03  0.4446E-05  0.2129E-03
| 11   -939.244100515  0.298951E-06       4.336     1        0.02      4.32      0.01    0.8195E-04  0.1822E-05  0.7304E-04
| 12   -939.244100574  0.597543E-07       4.306     2        0.02      4.29      0.01    0.2530E-04  0.5206E-06  0.2056E-04
| ------------------------------------------------------------------------------------------------------------------------
| REACH CONVERGENCE AFTER  12 CYCLES
| MAX ERROR = 0.252999E-04   RMS CHANGE = 0.520617E-06   MAX CHANGE = 0.205590E-04
| -----------------------------------------------
 ALPHA ELECTRON DENSITY    =    75.9993482965
 BETA ELECTRON DENSITY     =    75.9993482965
 ELECTRONIC ENERGY    =  -2768.551371055
 CORE_CORE REPULSION  =   1829.307270481
 TOTAL ENERGY         =   -939.244100574

 @ End Energy calculation

  Skipping one-electron property calculation.

 @ Output Timing Information

------------- TIMING ---------------
| INITIAL GUESS TIME  =     0.523978000(  0.96%)
| DFT GRID OPERATIONS =     0.155824000(  0.29%)
| TOTAL SCF TIME      =    53.698860000( 98.40%)
|       TOTAL OP TIME      =    53.471570000( 97.99%)
|             TOTAL 1e TIME      =     0.031886000(  0.06%)
|             TOTAL 2e TIME      =     6.721396000( 12.32%)
|             TOTAL EXC TIME     =    46.675034000( 85.53%)
|       TOTAL DII TIME      =     0.225273000(  0.41%)
|             TOTAL DIAG TIME    =     0.112853000(  0.21%)
| TOTAL TIME          =    54.569948000
------------------------------------
| Job cpu time:  0 days  0 hours  0 minutes 54.6 seconds.

 @ Finish Output Timing Information

| Normal Termination. Task Finished on: Tue Jul  7 03:21:32 2026

======== FILE: ./morphine-3/morphine_def2-TZVP.out ========
|  1   -943.393510219      ------        35.449     1        0.06     35.39      0.02    0.2182E+01  0.1206E-01  0.2693E+01
|  2   -938.845705326  -.454780E+01      89.511     2        0.06     89.45      0.02    0.2764E+00  0.2977E-01  0.4030E+01
|  3   -937.525189019  -.132052E+01      89.828     3        0.07     89.76      0.02    0.5369E+00  0.1885E-01  0.3047E+01
|   ***  Level shifting applied  ( HOMO-LUMO gap =  0.020 au ) ***
|  4   -939.502434369  0.197725E+01      87.485     4        0.06     87.42      0.02    0.8112E-01  0.5673E-02  0.7530E+00
|  5   -939.592702987  0.902686E-01      84.755     5        0.06     84.69      0.02    0.3602E-01  0.1134E-02  0.1410E+00
|  6   -939.603924732  0.112217E-01      78.402     6        0.06     78.34      0.02    0.1153E-01  0.8265E-03  0.1932E+00
|  7   -939.605394412  0.146968E-02      75.640     7        0.06     75.58      0.02    0.6471E-02  0.3130E-03  0.4052E-01
|  8   -939.606160753  0.766341E-03      72.426     8        0.06     72.36      0.02    0.2565E-02  0.1808E-03  0.4214E-01
|  9   -939.606189785  0.290318E-04      68.225     9        0.07     68.16      0.02    0.1206E-02  0.1400E-03  0.2673E-01
| 10   -939.606194077  0.429175E-05      65.624    10        0.07     65.56      0.02    0.2687E-03  0.5927E-04  0.1307E-01
| 11   -939.606194534  0.457248E-06      62.050     1        0.07     61.98      0.02    0.1035E-03  0.3758E-04  0.7464E-02
| 12   -939.606194607  0.732839E-07      59.351     2        0.07     59.28      0.02    0.3392E-04  0.2266E-04  0.4697E-02
| 13   -939.606194604  -.367982E-08      56.576     3        0.07     56.50      0.02    0.2428E-04  0.1364E-04  0.2772E-02
| 14   -939.606194605  0.152795E-08      54.041     4        0.07     53.97      0.02    0.1324E-04  0.6166E-05  0.1283E-02
| 15   -939.606194599  -.612636E-08      50.853     5        0.07     50.78      0.02    0.1344E-04  0.2593E-05  0.5268E-03
| 16   -939.606194566  -.332070E-07      47.719     6        0.07     47.65      0.02    0.1327E-04  0.3915E-06  0.7523E-04
| ------------------------------------------------------------------------------------------------------------------------
| REACH CONVERGENCE AFTER  16 CYCLES
| MAX ERROR = 0.132739E-04   RMS CHANGE = 0.391515E-06   MAX CHANGE = 0.752295E-04
| -----------------------------------------------
 ALPHA ELECTRON DENSITY    =    76.0013061624
 BETA ELECTRON DENSITY     =    76.0013061624
 ELECTRONIC ENERGY    =  -2768.913465046
 CORE_CORE REPULSION  =   1829.307270481
 TOTAL ENERGY         =   -939.606194566

 @ End Energy calculation

  Skipping one-electron property calculation.

 @ Output Timing Information

------------- TIMING ---------------
| INITIAL GUESS TIME  =     1.954950000(  0.18%)
| DFT GRID OPERATIONS =     0.172897000(  0.02%)
| TOTAL SCF TIME      =  1078.249894000( 99.81%)
|       TOTAL OP TIME      =  1077.171739000( 99.71%)
|             TOTAL 1e TIME      =     0.315736000(  0.03%)
|             TOTAL 2e TIME      =   773.881655000( 71.63%)
|             TOTAL EXC TIME     =   302.587648000( 28.01%)
|       TOTAL DII TIME      =     1.061112000(  0.10%)
|             TOTAL DIAG TIME    =     0.365069000(  0.03%)
| TOTAL TIME          =  1080.346516000
------------------------------------
| Job cpu time:  0 days  0 hours 18 minutes  0.3 seconds.

 @ Finish Output Timing Information

| Normal Termination. Task Finished on: Tue Jul  7 03:43:31 2026

======== FILE: ./morphine-2/morphine_def2-SV(P).out ========
                                         SCF ENERGY
| ------------------------------------------------------------------------------------------------------------------------
| NCYC       ENERGY         DELTA_E      SCF_TIME  DII_CYC   DII_TIME   O_TIME  DIAG_TIME    MAX_ERR    RMS_CHG    MAX_CHG
| ------------------------------------------------------------------------------------------------------------------------
|  1   -942.504262848      ------         4.179     1        0.01      4.16      0.01    0.2218E+01  0.2713E-01  0.6833E+00
|  2   -937.813917181  -.469035E+01       4.325     2        0.01      4.31      0.01    0.3122E+00  0.2212E-01  0.1008E+01
|  3   -936.817357609  -.996560E+00       4.318     3        0.02      4.30      0.01    0.5448E+00  0.1309E-01  0.6223E+00
|   ***  Level shifting applied  ( HOMO-LUMO gap =  0.020 au ) ***
|  4   -938.439622658  0.162227E+01       4.305     4        0.02      4.29      0.01    0.6708E-01  0.4634E-02  0.1467E+00
|  5   -938.517621753  0.779991E-01       4.291     5        0.02      4.27      0.01    0.2165E-01  0.9352E-03  0.2753E-01
|  6   -938.522134350  0.451260E-02       4.261     6        0.02      4.25      0.01    0.1590E-01  0.4711E-03  0.1465E-01
|  7   -938.523528161  0.139381E-02       4.245     7        0.02      4.23      0.01    0.6295E-02  0.2060E-03  0.5676E-02
|  8   -938.524008140  0.479979E-03       4.232     8        0.02      4.22      0.01    0.1605E-02  0.5031E-04  0.1585E-02
|  9   -938.524032237  0.240961E-04       4.197     9        0.02      4.18      0.01    0.6385E-03  0.1838E-04  0.6195E-03
| 10   -938.524034593  0.235631E-05       4.174    10        0.02      4.16      0.01    0.1594E-03  0.4801E-05  0.1792E-03
| 11   -938.524034757  0.164446E-06       4.151     1        0.02      4.13      0.01    0.8113E-04  0.2347E-05  0.7835E-04
| 12   -938.524034801  0.440641E-07       4.136     2        0.02      4.12      0.01    0.1804E-04  0.6229E-06  0.2117E-04
| ------------------------------------------------------------------------------------------------------------------------
| REACH CONVERGENCE AFTER  12 CYCLES
| MAX ERROR = 0.180355E-04   RMS CHANGE = 0.622950E-06   MAX CHANGE = 0.211744E-04
| -----------------------------------------------
 ALPHA ELECTRON DENSITY    =    75.9992248266
 BETA ELECTRON DENSITY     =    75.9992248266
 ELECTRONIC ENERGY    =  -2767.831305282
 CORE_CORE REPULSION  =   1829.307270481
 TOTAL ENERGY         =   -938.524034801

 @ End Energy calculation

  Skipping one-electron property calculation.

 @ Output Timing Information

------------- TIMING ---------------
| INITIAL GUESS TIME  =     0.505500000(  0.98%)
| DFT GRID OPERATIONS =     0.154413000(  0.30%)
| TOTAL SCF TIME      =    50.840487000( 98.34%)
|       TOTAL OP TIME      =    50.645651000( 97.96%)
|             TOTAL 1e TIME      =     0.025258000(  0.05%)
|             TOTAL 2e TIME      =     4.230624000(  8.18%)
|             TOTAL EXC TIME     =    46.354945000( 89.66%)
|       TOTAL DII TIME      =     0.193220000(  0.37%)
|             TOTAL DIAG TIME    =     0.095556000(  0.18%)
| TOTAL TIME          =    51.699163000
------------------------------------
| Job cpu time:  0 days  0 hours  0 minutes 51.7 seconds.

 @ Finish Output Timing Information

| Normal Termination. Task Finished on: Tue Jul  7 01:38:40 2026

======== FILE: ./morphine-2/morphine_6-31G*.out ========
                                         SCF ENERGY
| ------------------------------------------------------------------------------------------------------------------------
| NCYC       ENERGY         DELTA_E      SCF_TIME  DII_CYC   DII_TIME   O_TIME  DIAG_TIME    MAX_ERR    RMS_CHG    MAX_CHG
| ------------------------------------------------------------------------------------------------------------------------
|  1   -942.178111153      ------         4.241     1        0.01      4.23      0.01    0.2046E+01  0.2113E-01  0.5388E+00
|  2   -938.482888342  -.369522E+01       4.313     2        0.01      4.30      0.01    0.2778E+00  0.1625E-01  0.5434E+00
|  3   -937.728828869  -.754059E+00       4.299     3        0.02      4.28      0.01    0.4796E+00  0.9621E-02  0.3415E+00
|   ***  Level shifting applied  ( HOMO-LUMO gap =  0.062 au ) ***
|  4   -939.160740392  0.143191E+01       4.284     4        0.02      4.27      0.01    0.5262E-01  0.2742E-02  0.9848E-01
|  5   -939.202257523  0.415171E-01       4.256     5        0.02      4.24      0.01    0.2749E-01  0.7159E-03  0.2921E-01
|  6   -939.207938944  0.568142E-02       4.224     6        0.02      4.21      0.01    0.1323E-01  0.2904E-03  0.1556E-01
|  7   -939.208671356  0.732413E-03       4.199     7        0.02      4.18      0.01    0.9703E-02  0.1364E-03  0.8364E-02
|  8   -939.209009292  0.337936E-03       4.183     8        0.02      4.17      0.01    0.2108E-02  0.3757E-04  0.1735E-02
|  9   -939.209027457  0.181650E-04       4.149     9        0.02      4.13      0.01    0.6873E-03  0.1540E-04  0.5370E-03
| 10   -939.209030279  0.282150E-05       4.122    10        0.02      4.11      0.01    0.2347E-03  0.5008E-05  0.2002E-03
| 11   -939.209030564  0.285844E-06       4.094     1        0.02      4.08      0.01    0.7544E-04  0.1994E-05  0.6340E-04
| 12   -939.209030616  0.517498E-07       4.072     2        0.02      4.05      0.01    0.2296E-04  0.5497E-06  0.1831E-04
| ------------------------------------------------------------------------------------------------------------------------
| REACH CONVERGENCE AFTER  12 CYCLES
| MAX ERROR = 0.229554E-04   RMS CHANGE = 0.549706E-06   MAX CHANGE = 0.183054E-04
| -----------------------------------------------
 ALPHA ELECTRON DENSITY    =    75.9993459036
 BETA ELECTRON DENSITY     =    75.9993459036
 ELECTRONIC ENERGY    =  -2768.516301097
 CORE_CORE REPULSION  =   1829.307270481
 TOTAL ENERGY         =   -939.209030616

 @ End Energy calculation

  Skipping one-electron property calculation.

 @ Output Timing Information

------------- TIMING ---------------
| INITIAL GUESS TIME  =     0.513538000(  1.00%)
| DFT GRID OPERATIONS =     0.155058000(  0.30%)
| TOTAL SCF TIME      =    50.463776000( 98.32%)
|       TOTAL OP TIME      =    50.270369000( 97.95%)
|             TOTAL 1e TIME      =     0.028052000(  0.05%)
|             TOTAL 2e TIME      =     5.466267000( 10.65%)
|             TOTAL EXC TIME     =    44.739126000( 87.17%)
|       TOTAL DII TIME      =     0.191955000(  0.37%)
|             TOTAL DIAG TIME    =     0.095988000(  0.19%)
| TOTAL TIME          =    51.323643000
------------------------------------
| Job cpu time:  0 days  0 hours  0 minutes 51.3 seconds.

 @ Finish Output Timing Information

| Normal Termination. Task Finished on: Tue Jul  7 01:34:42 2026

======== FILE: ./morphine-2/morphine_def2-TZVPP.out ========
|  1   -943.393179389      ------        42.191     1        0.08     42.10      0.03    0.2182E+01  0.1014E-01  0.3301E+01
|  2   -938.852506729  -.454067E+01     122.302     2        0.09    122.21      0.03    0.2765E+00  0.2520E-01  0.4242E+01
|  3   -937.519838105  -.133267E+01     123.191     3        0.10    123.09      0.03    0.5398E+00  0.1710E-01  0.3415E+01
|   ***  Level shifting applied  ( HOMO-LUMO gap =  0.020 au ) ***
|  4   -939.510499845  0.199066E+01     119.490     4        0.09    119.40      0.03    0.8168E-01  0.4906E-02  0.7446E+00
|  5   -939.601488998  0.909892E-01     115.329     5        0.09    115.24      0.03    0.3629E-01  0.7526E-03  0.1026E+00
|  6   -939.612861170  0.113722E-01     105.247     6        0.09    105.16      0.03    0.1152E-01  0.5977E-03  0.2123E+00
|  7   -939.614325848  0.146468E-02     101.520     7        0.09    101.43      0.03    0.6538E-02  0.1741E-03  0.2231E-01
|  8   -939.615101075  0.775227E-03      96.135     8        0.09     96.04      0.03    0.2578E-02  0.1167E-03  0.4222E-01
|  9   -939.615130386  0.293105E-04      89.696     9        0.09     89.60      0.03    0.1219E-02  0.7672E-04  0.2394E-01
| 10   -939.615134780  0.439361E-05      85.713    10        0.09     85.62      0.03    0.2712E-03  0.3118E-04  0.1148E-01
| 11   -939.615135251  0.471421E-06      79.937     1        0.10     79.83      0.03    0.1023E-03  0.1795E-04  0.5927E-02
| 12   -939.615135333  0.823425E-07      75.310     2        0.10     75.21      0.03    0.3279E-04  0.1073E-04  0.3657E-02
| 13   -939.615135351  0.181358E-07      71.154     3        0.10     71.05      0.03    0.2247E-04  0.6220E-05  0.2080E-02
| 14   -939.615135389  0.379705E-07      67.702     4        0.10     67.60      0.03    0.2217E-04  0.2536E-05  0.8865E-03
| 15   -939.615135442  0.528603E-07      62.534     5        0.10     62.43      0.03    0.2266E-04  0.1316E-05  0.4468E-03
| 16   -939.615135485  0.426717E-07      58.938     6        0.10     58.83      0.03    0.2258E-04  0.2994E-06  0.9289E-04
| ------------------------------------------------------------------------------------------------------------------------
| REACH CONVERGENCE AFTER  16 CYCLES
| MAX ERROR = 0.225798E-04   RMS CHANGE = 0.299370E-06   MAX CHANGE = 0.928897E-04
| -----------------------------------------------
 ALPHA ELECTRON DENSITY    =    76.0014273077
 BETA ELECTRON DENSITY     =    76.0014273077
 ELECTRONIC ENERGY    =  -2768.922405966
 CORE_CORE REPULSION  =   1829.307270481
 TOTAL ENERGY         =   -939.615135485

 @ End Energy calculation

  Skipping one-electron property calculation.

 @ Output Timing Information

------------- TIMING ---------------
| INITIAL GUESS TIME  =     2.498839000(  0.18%)
| DFT GRID OPERATIONS =     0.178279000(  0.01%)
| TOTAL SCF TIME      =  1416.779386000( 99.82%)
|       TOTAL OP TIME      =  1415.216681000( 99.71%)
|             TOTAL 1e TIME      =     0.389285000(  0.03%)
|             TOTAL 2e TIME      =  1075.048462000( 75.74%)
|             TOTAL EXC TIME     =   339.282349000( 23.90%)
|       TOTAL DII TIME      =     1.535347000(  0.11%)
|             TOTAL DIAG TIME    =     0.493634000(  0.03%)
| TOTAL TIME          =  1419.380782000
------------------------------------
| Job cpu time:  0 days  0 hours 23 minutes 39.4 seconds.

 @ Finish Output Timing Information

| Normal Termination. Task Finished on: Tue Jul  7 02:21:15 2026

======== FILE: ./morphine-2/morphine_6-31G.out ========
                                         SCF ENERGY
| ------------------------------------------------------------------------------------------------------------------------
| NCYC       ENERGY         DELTA_E      SCF_TIME  DII_CYC   DII_TIME   O_TIME  DIAG_TIME    MAX_ERR    RMS_CHG    MAX_CHG
| ------------------------------------------------------------------------------------------------------------------------
|  1   -942.401017343      ------         2.121     1        0.01      2.11      0.01    0.1984E+01  0.3293E-01  0.5079E+00
|  2   -938.352714280  -.404830E+01       2.141     2        0.01      2.13      0.00    0.2749E+00  0.2598E-01  0.8531E+00
|  3   -937.706671591  -.646043E+00       2.132     3        0.01      2.12      0.01    0.4470E+00  0.1513E-01  0.5517E+00
|   ***  Level shifting applied  ( HOMO-LUMO gap =  0.075 au ) ***
|  4   -938.922404844  0.121573E+01       2.125     4        0.01      2.12      0.01    0.4914E-01  0.4105E-02  0.9752E-01
|  5   -938.957487900  0.350831E-01       2.116     5        0.01      2.11      0.00    0.2250E-01  0.1312E-02  0.2774E-01
|  6   -938.961560463  0.407256E-02       2.103     6        0.01      2.10      0.00    0.1559E-01  0.5027E-03  0.1040E-01
|  7   -938.962437136  0.876673E-03       2.091     7        0.01      2.08      0.00    0.3342E-02  0.1960E-03  0.4116E-02
|  8   -938.962607295  0.170159E-03       2.082     8        0.01      2.07      0.00    0.1484E-02  0.5602E-04  0.1364E-02
|  9   -938.962624355  0.170603E-04       2.069     9        0.01      2.06      0.00    0.4107E-03  0.1843E-04  0.5414E-03
| 10   -938.962624996  0.640332E-06       2.057    10        0.01      2.05      0.00    0.3256E-03  0.7861E-05  0.2749E-03
| 11   -938.962625360  0.363957E-06       2.047     1        0.01      2.04      0.00    0.8283E-04  0.2330E-05  0.7607E-04
| 12   -938.962625379  0.197065E-07       2.034     2        0.01      2.03      0.00    0.1803E-04  0.6913E-06  0.1392E-04
| ------------------------------------------------------------------------------------------------------------------------
| REACH CONVERGENCE AFTER  12 CYCLES
| MAX ERROR = 0.180337E-04   RMS CHANGE = 0.691297E-06   MAX CHANGE = 0.139198E-04
| -----------------------------------------------
 ALPHA ELECTRON DENSITY    =    75.9993483639
 BETA ELECTRON DENSITY     =    75.9993483639
 ELECTRONIC ENERGY    =  -2768.269895860
 CORE_CORE REPULSION  =   1829.307270481
 TOTAL ENERGY         =   -938.962625379

 @ End Energy calculation

  Skipping one-electron property calculation.

 @ Output Timing Information

------------- TIMING ---------------
| INITIAL GUESS TIME  =     0.485331000(  1.87%)
| DFT GRID OPERATIONS =     0.149437000(  0.58%)
| TOTAL SCF TIME      =    25.132967000( 96.80%)
|       TOTAL OP TIME      =    25.044157000( 96.46%)
|             TOTAL 1e TIME      =     0.015788000(  0.06%)
|             TOTAL 2e TIME      =     2.424800000(  9.34%)
|             TOTAL EXC TIME     =    22.584640000( 86.99%)
|       TOTAL DII TIME      =     0.088308000(  0.34%)
|             TOTAL DIAG TIME    =     0.059623000(  0.23%)
| TOTAL TIME          =    25.962958000
------------------------------------
| Job cpu time:  0 days  0 hours  0 minutes 26.0 seconds.

 @ Finish Output Timing Information

| Normal Termination. Task Finished on: Tue Jul  7 01:33:51 2026

======== FILE: ./morphine-2/morphine_6-31+G**.out ========
| ------------------------------------------------------------------------------------------------------------------------
|  1   -943.171881323      ------         9.274     1        0.02      9.25      0.01    0.2268E+01  0.2956E-01  0.3295E+01
|  2   -938.654867625  -.451701E+01       9.597     2        0.02      9.58      0.01    0.2411E+00  0.1190E+01  0.1207E+03
|  3   -936.281159111  -.237371E+01       9.592     3        0.03      9.57      0.01    0.4395E+00  0.1128E+01  0.1145E+03
|   ***  Level shifting applied  ( HOMO-LUMO gap =  0.008 au ) ***
|  4   -939.149909414  0.286875E+01       9.590     4        0.03      9.56      0.01    0.1060E+00  0.6326E-01  0.5718E+01
|   ***  Level shifting applied  ( HOMO-LUMO gap =  0.123 au ) ***
|  5   -939.273026946  0.123118E+00       9.529     5        0.02      9.51      0.01    0.4156E-01  0.9565E-02  0.6426E+00
|  6   -939.282927268  0.990032E-02       9.487     6        0.02      9.46      0.01    0.2088E-01  0.1445E-02  0.7343E-01
|  7   -939.285931139  0.300387E-02       9.443     7        0.02      9.42      0.01    0.1125E-01  0.7604E-03  0.4242E-01
|  8   -939.286781239  0.850100E-03       9.404     8        0.02      9.38      0.01    0.2740E-02  0.1804E-03  0.1109E-01
|  9   -939.286893257  0.112018E-03       9.340     9        0.02      9.32      0.01    0.8338E-03  0.6112E-04  0.3239E-02
| 10   -939.286903394  0.101370E-04       9.277    10        0.02      9.25      0.01    0.3918E-03  0.3114E-04  0.2735E-02
| 11   -939.286903970  0.576045E-06       9.198     1        0.03      9.17      0.01    0.2790E-03  0.7976E-05  0.5218E-03
| 12   -939.286904247  0.276797E-06       9.120     2        0.03      9.09      0.01    0.4680E-04  0.3562E-05  0.3956E-03
| 13   -939.286904253  0.585896E-08       9.061     3        0.03      9.04      0.01    0.1919E-04  0.1068E-05  0.7605E-04
| 14   -939.286904258  0.518912E-08       9.017     4        0.03      8.99      0.01    0.1887E-04  0.4753E-06  0.4352E-04
| ------------------------------------------------------------------------------------------------------------------------
| REACH CONVERGENCE AFTER  14 CYCLES
| MAX ERROR = 0.188724E-04   RMS CHANGE = 0.475295E-06   MAX CHANGE = 0.435211E-04
| -----------------------------------------------
 ALPHA ELECTRON DENSITY    =    75.9989166909
 BETA ELECTRON DENSITY     =    75.9989166909
 ELECTRONIC ENERGY    =  -2768.594174739
 CORE_CORE REPULSION  =   1829.307270481
 TOTAL ENERGY         =   -939.286904258

 @ End Energy calculation

  Skipping one-electron property calculation.

 @ Output Timing Information

------------- TIMING ---------------
| INITIAL GUESS TIME  =     0.535205000(  0.41%)
| DFT GRID OPERATIONS =     0.160200000(  0.12%)
| TOTAL SCF TIME      =   130.977445000( 99.33%)
|       TOTAL OP TIME      =   130.634296000( 99.07%)
|             TOTAL 1e TIME      =     0.045369000(  0.03%)
|             TOTAL 2e TIME      =    18.692365000( 14.18%)
|             TOTAL EXC TIME     =   111.831853000( 84.81%)
|       TOTAL DII TIME      =     0.338503000(  0.26%)
|             TOTAL DIAG TIME    =     0.152197000(  0.12%)
| TOTAL TIME          =   131.858566000
------------------------------------
| Job cpu time:  0 days  0 hours  2 minutes 11.9 seconds.

 @ Finish Output Timing Information

| Normal Termination. Task Finished on: Tue Jul  7 01:37:49 2026

======== FILE: ./morphine-2/morphine_def2-TZVPD.out ========

                                         SCF ENERGY
| ------------------------------------------------------------------------------------------------------------------------
| NCYC       ENERGY         DELTA_E      SCF_TIME  DII_CYC   DII_TIME   O_TIME  DIAG_TIME    MAX_ERR    RMS_CHG    MAX_CHG
| ------------------------------------------------------------------------------------------------------------------------
|  1   -943.551146560      ------        83.893     1        0.09     83.80      0.03    0.2128E+01  0.6450E-02  0.3017E+00
|  2   -938.989241242  -.456191E+01     242.658     2        0.09    242.57      0.03    0.1932E+00  0.1373E-01  0.2535E+01
|  3   -938.047766920  -.941474E+00     243.502     3        0.11    243.39      0.03    0.3390E+00  0.8480E-02  0.1862E+01
|   ***  Level shifting applied  ( HOMO-LUMO gap =  0.024 au ) ***
|  4   -939.538664925  0.149090E+01     238.428     4        0.09    238.33      0.03    0.6814E-01  0.3917E-02  0.6282E+00
|  5   -939.598000055  0.593351E-01     234.052     5        0.09    233.96      0.03    0.3587E-01  0.3360E-03  0.2039E-01
|  6   -939.607680851  0.968080E-02     219.397     6        0.09    219.30      0.03    0.1779E-01  0.1669E-03  0.1156E-01
|  7   -939.609912007  0.223116E-02     213.066     7        0.09    212.97      0.03    0.1013E-01  0.6242E-04  0.4816E-02
|  8   -939.610605841  0.693834E-03     204.846     8        0.10    204.75      0.03    0.2257E-02  0.1515E-04  0.1035E-02
|  9   -939.610627516  0.216752E-04     191.672     9        0.10    191.57      0.03    0.1061E-02  0.7367E-05  0.5603E-03
| 10   -939.610633153  0.563680E-05     182.200    10        0.10    182.10      0.03    0.4032E-03  0.2722E-05  0.1704E-03
| 11   -939.610633881  0.728168E-06     170.651     1        0.11    170.54      0.03    0.1003E-03  0.9463E-06  0.4929E-04
| ------------------------------------------------------------------------------------------------------------------------
| REACH CONVERGENCE AFTER  11 CYCLES
| MAX ERROR = 0.100337E-03   RMS CHANGE = 0.946350E-06   MAX CHANGE = 0.492944E-04
| -----------------------------------------------
 ALPHA ELECTRON DENSITY    =    75.9989856041
 BETA ELECTRON DENSITY     =    75.9989856041
 ELECTRONIC ENERGY    =  -2768.917904361
 CORE_CORE REPULSION  =   1829.307270481
 TOTAL ENERGY         =   -939.610633881

 @ End Energy calculation

  Skipping one-electron property calculation.

 @ Output Timing Information

------------- TIMING ---------------
| INITIAL GUESS TIME  =     3.496345000(  0.16%)
| DFT GRID OPERATIONS =     0.187017000(  0.01%)
| TOTAL SCF TIME      =  2224.863377000( 99.84%)
|       TOTAL OP TIME      =  2223.788072000( 99.79%)
|             TOTAL 1e TIME      =     0.496568000(  0.02%)
|             TOTAL 2e TIME      =  1759.777486000( 78.97%)
|             TOTAL EXC TIME     =   462.937538000( 20.77%)
|       TOTAL DII TIME      =     1.054586000(  0.05%)
|             TOTAL DIAG TIME    =     0.337795000(  0.02%)
| TOTAL TIME          =  2228.367913000
------------------------------------
| Job cpu time:  0 days  0 hours 37 minutes  8.4 seconds.

 @ Finish Output Timing Information

| Normal Termination. Task Finished on: Tue Jul  7 02:58:23 2026

======== FILE: ./morphine-2/morphine_3-21G.out ========
                                         SCF ENERGY
| ------------------------------------------------------------------------------------------------------------------------
| NCYC       ENERGY         DELTA_E      SCF_TIME  DII_CYC   DII_TIME   O_TIME  DIAG_TIME    MAX_ERR    RMS_CHG    MAX_CHG
| ------------------------------------------------------------------------------------------------------------------------
|  1   -937.732965979      ------         1.458     1        0.01      1.45      0.01    0.2009E+01  0.3339E-01  0.5745E+00
|  2   -933.587789666  -.414518E+01       1.462     2        0.01      1.45      0.01    0.1715E+00  0.1838E-01  0.6452E+00
|  3   -933.183978467  -.403811E+00       1.459     3        0.01      1.45      0.01    0.2621E+00  0.1156E-01  0.4001E+00
|   ***  Level shifting applied  ( HOMO-LUMO gap =  0.105 au ) ***
|  4   -934.028419244  0.844441E+00       1.456     4        0.01      1.45      0.01    0.6224E-01  0.3090E-02  0.8348E-01
|  5   -934.048204155  0.197849E-01       1.452     5        0.01      1.44      0.01    0.3273E-01  0.1134E-02  0.3434E-01
|  6   -934.052487545  0.428339E-02       1.449     6        0.01      1.44      0.01    0.1718E-01  0.4886E-03  0.1666E-01
|  7   -934.053840124  0.135258E-02       1.446     7        0.01      1.44      0.01    0.7030E-02  0.1613E-03  0.5778E-02
|  8   -934.053972308  0.132184E-03       1.442     8        0.01      1.43      0.01    0.1913E-02  0.5725E-04  0.1800E-02
|  9   -934.053994085  0.217766E-04       1.438     9        0.01      1.43      0.01    0.3630E-03  0.1448E-04  0.4190E-03
| 10   -934.053994967  0.882310E-06       1.433    10        0.01      1.43      0.01    0.1531E-03  0.5183E-05  0.2938E-03
| 11   -934.053995139  0.171684E-06       1.429     1        0.01      1.42      0.01    0.4016E-04  0.1877E-05  0.7929E-04
| 12   -934.053995149  0.100863E-07       1.424     2        0.01      1.42      0.01    0.9416E-05  0.6482E-06  0.1420E-04
| ------------------------------------------------------------------------------------------------------------------------
| REACH CONVERGENCE AFTER  12 CYCLES
| MAX ERROR = 0.941632E-05   RMS CHANGE = 0.648222E-06   MAX CHANGE = 0.141997E-04
| -----------------------------------------------
 ALPHA ELECTRON DENSITY    =    75.9994413353
 BETA ELECTRON DENSITY     =    75.9994413353
 ELECTRONIC ENERGY    =  -2763.361265630
 CORE_CORE REPULSION  =   1829.307270481
 TOTAL ENERGY         =   -934.053995149

 @ End Energy calculation

  Skipping one-electron property calculation.

 @ Output Timing Information

------------- TIMING ---------------
| INITIAL GUESS TIME  =     0.506013000(  2.76%)
| DFT GRID OPERATIONS =     0.149022000(  0.81%)
| TOTAL SCF TIME      =    17.356219000( 94.75%)
|       TOTAL OP TIME      =    17.266504000( 94.26%)
|             TOTAL 1e TIME      =     0.008772000(  0.05%)
|             TOTAL 2e TIME      =     0.814105000(  4.44%)
|             TOTAL EXC TIME     =    16.431468000( 89.70%)
|       TOTAL DII TIME      =     0.089204000(  0.49%)
|             TOTAL DIAG TIME    =     0.060972000(  0.33%)
| TOTAL TIME          =    18.318584000
------------------------------------
| Job cpu time:  0 days  0 hours  0 minutes 18.3 seconds.

 @ Finish Output Timing Information

| Normal Termination. Task Finished on: Tue Jul  7 01:33:25 2026

======== FILE: ./morphine-2/morphine_def2-SVP.out ========
                                         SCF ENERGY
| ------------------------------------------------------------------------------------------------------------------------
| NCYC       ENERGY         DELTA_E      SCF_TIME  DII_CYC   DII_TIME   O_TIME  DIAG_TIME    MAX_ERR    RMS_CHG    MAX_CHG
| ------------------------------------------------------------------------------------------------------------------------
|  1   -942.504262847      ------         4.429     1        0.02      4.41      0.01    0.2218E+01  0.2279E-01  0.6696E+00
|  2   -937.859766065  -.464450E+01       4.647     2        0.02      4.63      0.01    0.3093E+00  0.1839E-01  0.9381E+00
|  3   -936.853970486  -.100580E+01       4.633     3        0.02      4.61      0.01    0.5449E+00  0.1078E-01  0.5724E+00
|   ***  Level shifting applied  ( HOMO-LUMO gap =  0.020 au ) ***
|  4   -938.485732475  0.163176E+01       4.617     4        0.02      4.60      0.01    0.6763E-01  0.3938E-02  0.1498E+00
|  5   -938.564018554  0.782861E-01       4.596     5        0.02      4.58      0.01    0.2198E-01  0.7703E-03  0.2727E-01
|  6   -938.568777125  0.475857E-02       4.556     6        0.02      4.54      0.01    0.1507E-01  0.3931E-03  0.1470E-01
|  7   -938.570083752  0.130663E-02       4.533     7        0.02      4.51      0.01    0.6312E-02  0.1793E-03  0.6236E-02
|  8   -938.570581828  0.498076E-03       4.514     8        0.02      4.50      0.01    0.1624E-02  0.4253E-04  0.1464E-02
|  9   -938.570604880  0.230528E-04       4.474     9        0.02      4.45      0.01    0.7086E-03  0.1589E-04  0.7297E-03
| 10   -938.570607427  0.254669E-05       4.445    10        0.02      4.43      0.01    0.1773E-03  0.4349E-05  0.1924E-03
| 11   -938.570607613  0.185802E-06       4.414     1        0.02      4.39      0.01    0.7778E-04  0.2088E-05  0.8125E-04
| 12   -938.570607665  0.517412E-07       4.399     2        0.02      4.38      0.01    0.1772E-04  0.5655E-06  0.2136E-04
| ------------------------------------------------------------------------------------------------------------------------
| REACH CONVERGENCE AFTER  12 CYCLES
| MAX ERROR = 0.177228E-04   RMS CHANGE = 0.565504E-06   MAX CHANGE = 0.213576E-04
| -----------------------------------------------
 ALPHA ELECTRON DENSITY    =    75.9992301924
 BETA ELECTRON DENSITY     =    75.9992301924
 ELECTRONIC ENERGY    =  -2767.877878145
 CORE_CORE REPULSION  =   1829.307270481
 TOTAL ENERGY         =   -938.570607665

 @ End Energy calculation

  Skipping one-electron property calculation.

 @ Output Timing Information

------------- TIMING ---------------
| INITIAL GUESS TIME  =     0.519527000(  0.94%)
| DFT GRID OPERATIONS =     0.155431000(  0.28%)
| TOTAL SCF TIME      =    54.287811000( 98.43%)
|       TOTAL OP TIME      =    54.062693000( 98.02%)
|             TOTAL 1e TIME      =     0.028996000(  0.05%)
|             TOTAL 2e TIME      =     5.199151000(  9.43%)
|             TOTAL EXC TIME     =    48.793455000( 88.46%)
|       TOTAL DII TIME      =     0.223110000(  0.40%)
|             TOTAL DIAG TIME    =     0.112760000(  0.20%)
| TOTAL TIME          =    55.155793000
------------------------------------
| Job cpu time:  0 days  0 hours  0 minutes 55.2 seconds.

 @ Finish Output Timing Information

| Normal Termination. Task Finished on: Tue Jul  7 01:39:36 2026

======== FILE: ./morphine-2/morphine_6-31G**.out ========
                                         SCF ENERGY
| ------------------------------------------------------------------------------------------------------------------------
| NCYC       ENERGY         DELTA_E      SCF_TIME  DII_CYC   DII_TIME   O_TIME  DIAG_TIME    MAX_ERR    RMS_CHG    MAX_CHG
| ------------------------------------------------------------------------------------------------------------------------
|  1   -942.178111153      ------         4.494     1        0.02      4.48      0.01    0.2046E+01  0.1817E-01  0.5361E+00
|  2   -938.515398773  -.366271E+01       4.609     2        0.02      4.59      0.01    0.2758E+00  0.1376E-01  0.5460E+00
|  3   -937.759654211  -.755745E+00       4.596     3        0.02      4.58      0.01    0.4786E+00  0.8102E-02  0.3307E+00
|   ***  Level shifting applied  ( HOMO-LUMO gap =  0.063 au ) ***
|  4   -939.195889068  0.143623E+01       4.573     4        0.02      4.56      0.01    0.5202E-01  0.2332E-02  0.9985E-01
|  5   -939.237087436  0.411984E-01       4.540     5        0.02      4.52      0.01    0.2790E-01  0.6117E-03  0.2962E-01
|  6   -939.242997731  0.591030E-02       4.502     6        0.02      4.48      0.01    0.1337E-01  0.2500E-03  0.1579E-01
|  7   -939.243725890  0.728159E-03       4.468     7        0.02      4.45      0.01    0.1005E-01  0.1185E-03  0.8562E-02
|  8   -939.244079272  0.353382E-03       4.445     8        0.02      4.43      0.01    0.2089E-02  0.3263E-04  0.1730E-02
|  9   -939.244097204  0.179318E-04       4.400     9        0.02      4.38      0.01    0.7304E-03  0.1348E-04  0.5659E-03
| 10   -939.244100216  0.301179E-05       4.366    10        0.02      4.35      0.01    0.2423E-03  0.4446E-05  0.2129E-03
| 11   -939.244100515  0.298952E-06       4.331     1        0.02      4.31      0.01    0.8195E-04  0.1822E-05  0.7304E-04
| 12   -939.244100574  0.597506E-07       4.304     2        0.02      4.28      0.01    0.2530E-04  0.5206E-06  0.2056E-04
| ------------------------------------------------------------------------------------------------------------------------
| REACH CONVERGENCE AFTER  12 CYCLES
| MAX ERROR = 0.252999E-04   RMS CHANGE = 0.520617E-06   MAX CHANGE = 0.205590E-04
| -----------------------------------------------
 ALPHA ELECTRON DENSITY    =    75.9993482965
 BETA ELECTRON DENSITY     =    75.9993482965
 ELECTRONIC ENERGY    =  -2768.551371055
 CORE_CORE REPULSION  =   1829.307270481
 TOTAL ENERGY         =   -939.244100574

 @ End Energy calculation

  Skipping one-electron property calculation.

 @ Output Timing Information

------------- TIMING ---------------
| INITIAL GUESS TIME  =     0.524224000(  0.96%)
| DFT GRID OPERATIONS =     0.155673000(  0.29%)
| TOTAL SCF TIME      =    53.658645000( 98.40%)
|       TOTAL OP TIME      =    53.432476000( 97.99%)
|             TOTAL 1e TIME      =     0.031625000(  0.06%)
|             TOTAL 2e TIME      =     6.717529000( 12.32%)
|             TOTAL EXC TIME     =    46.640336000( 85.53%)
|       TOTAL DII TIME      =     0.224145000(  0.41%)
|             TOTAL DIAG TIME    =     0.112759000(  0.21%)
| TOTAL TIME          =    54.529212000
------------------------------------
| Job cpu time:  0 days  0 hours  0 minutes 54.5 seconds.

 @ Finish Output Timing Information

| Normal Termination. Task Finished on: Tue Jul  7 01:35:37 2026

======== FILE: ./morphine-2/morphine_def2-TZVP.out ========
|  1   -943.393510219      ------        35.450     1        0.06     35.39      0.02    0.2182E+01  0.1206E-01  0.2693E+01
|  2   -938.845705326  -.454780E+01      89.414     2        0.06     89.35      0.02    0.2764E+00  0.2977E-01  0.4030E+01
|  3   -937.525189019  -.132052E+01      89.738     3        0.07     89.67      0.02    0.5369E+00  0.1885E-01  0.3047E+01
|   ***  Level shifting applied  ( HOMO-LUMO gap =  0.020 au ) ***
|  4   -939.502434369  0.197725E+01      87.382     4        0.06     87.32      0.02    0.8112E-01  0.5673E-02  0.7530E+00
|  5   -939.592702987  0.902686E-01      84.737     5        0.06     84.68      0.02    0.3602E-01  0.1134E-02  0.1410E+00
|  6   -939.603924732  0.112217E-01      78.319     6        0.06     78.26      0.02    0.1153E-01  0.8265E-03  0.1932E+00
|  7   -939.605394412  0.146968E-02      75.597     7        0.06     75.53      0.02    0.6471E-02  0.3130E-03  0.4052E-01
|  8   -939.606160753  0.766341E-03      72.387     8        0.06     72.32      0.02    0.2565E-02  0.1808E-03  0.4214E-01
|  9   -939.606189785  0.290318E-04      68.206     9        0.07     68.14      0.02    0.1206E-02  0.1400E-03  0.2673E-01
| 10   -939.606194077  0.429176E-05      65.631    10        0.07     65.56      0.02    0.2687E-03  0.5927E-04  0.1307E-01
| 11   -939.606194534  0.457234E-06      62.037     1        0.07     61.96      0.02    0.1035E-03  0.3758E-04  0.7464E-02
| 12   -939.606194607  0.732844E-07      59.315     2        0.07     59.24      0.02    0.3392E-04  0.2266E-04  0.4697E-02
| 13   -939.606194604  -.367163E-08      56.556     3        0.07     56.48      0.02    0.2428E-04  0.1364E-04  0.2772E-02
| 14   -939.606194605  0.152795E-08      54.030     4        0.07     53.96      0.02    0.1324E-04  0.6166E-05  0.1283E-02
| 15   -939.606194599  -.625732E-08      50.824     5        0.07     50.75      0.02    0.1344E-04  0.2592E-05  0.5267E-03
| 16   -939.606194566  -.330328E-07      47.737     6        0.07     47.66      0.02    0.1327E-04  0.3907E-06  0.7527E-04
| ------------------------------------------------------------------------------------------------------------------------
| REACH CONVERGENCE AFTER  16 CYCLES
| MAX ERROR = 0.132739E-04   RMS CHANGE = 0.390736E-06   MAX CHANGE = 0.752728E-04
| -----------------------------------------------
 ALPHA ELECTRON DENSITY    =    76.0013061624
 BETA ELECTRON DENSITY     =    76.0013061624
 ELECTRONIC ENERGY    =  -2768.913465046
 CORE_CORE REPULSION  =   1829.307270481
 TOTAL ENERGY         =   -939.606194566

 @ End Energy calculation

  Skipping one-electron property calculation.

 @ Output Timing Information

------------- TIMING ---------------
| INITIAL GUESS TIME  =     1.958480000(  0.18%)
| DFT GRID OPERATIONS =     0.173792000(  0.02%)
| TOTAL SCF TIME      =  1077.678586000( 99.81%)
|       TOTAL OP TIME      =  1076.601588000( 99.71%)
|             TOTAL 1e TIME      =     0.316904000(  0.03%)
|             TOTAL 2e TIME      =   773.215088000( 71.61%)
|             TOTAL EXC TIME     =   302.681727000( 28.03%)
|       TOTAL DII TIME      =     1.060222000(  0.10%)
|             TOTAL DIAG TIME    =     0.364616000(  0.03%)
| TOTAL TIME          =  1079.777438000
------------------------------------
| Job cpu time:  0 days  0 hours 17 minutes 59.8 seconds.

 @ Finish Output Timing Information

| Normal Termination. Task Finished on: Tue Jul  7 01:57:35 2026

======== FILE: ./taxol-3/taxol_def2-TZVP.out ========
|  2  -2925.420695509  -.140420E+02     705.337     2        0.66    704.67      0.17    0.3513E+00  0.1111E-01  0.5504E+01
|  3  -2919.416530114  -.600417E+01     716.090     3        0.82    715.26      0.17    0.9800E+00  0.7105E-02  0.3478E+01
|   ***  Level shifting applied  ( HOMO-LUMO gap =  0.012 au ) ***
|  4  -2926.541856361  0.712533E+01     689.537     4        0.83    688.70      0.17    0.4094E+00  0.2205E-02  0.1038E+01
|   ***  Level shifting applied  ( HOMO-LUMO gap =  0.013 au ) ***
|  5  -2927.271406423  0.729550E+00     638.306     5        0.69    637.61      0.17    0.8060E-01  0.1075E-02  0.3746E+00
|  6  -2927.316631056  0.452246E-01     620.146     6        0.85    619.29      0.17    0.1157E+00  0.2611E-03  0.9883E-01
|   ***  Level shifting applied  ( HOMO-LUMO gap =  0.108 au ) ***
|  7  -2927.355138593  0.385075E-01     555.592     7        0.70    554.89      0.17    0.1982E-01  0.1608E-03  0.5944E-01
|  8  -2927.356911260  0.177267E-02     527.842     8        0.70    527.13      0.17    0.1815E-01  0.7110E-04  0.1745E-01
|  9  -2927.358631217  0.171996E-02     490.932     9        0.71    490.21      0.17    0.7829E-02  0.2413E-04  0.7149E-02
| 10  -2927.358890236  0.259018E-03     443.742    10        0.72    443.01      0.17    0.2088E-02  0.8253E-05  0.1719E-02
| 11  -2927.358936111  0.458751E-04     401.866     1        0.78    401.07      0.17    0.7583E-03  0.3621E-05  0.7806E-03
| 12  -2927.358941562  0.545137E-05     358.733     2        0.78    357.94      0.17    0.3184E-03  0.1410E-05  0.4831E-03
| 13  -2927.358942193  0.630514E-06     318.768     3        0.78    317.97      0.17    0.1271E-03  0.6258E-06  0.1138E-03
| 14  -2927.358942417  0.224572E-06     285.270     4        0.78    284.47      0.17    0.7203E-04  0.2872E-06  0.1010E-03
| 15  -2927.358942521  0.103160E-06     252.587     5        0.78    251.79      0.17    0.3837E-04  0.2929E-06  0.5313E-04
| ------------------------------------------------------------------------------------------------------------------------
| REACH CONVERGENCE AFTER  15 CYCLES
| MAX ERROR = 0.383736E-04   RMS CHANGE = 0.292857E-06   MAX CHANGE = 0.531321E-04
| -----------------------------------------------
 ALPHA ELECTRON DENSITY    =   223.0013940300
 BETA ELECTRON DENSITY     =   223.0013940300
 ELECTRONIC ENERGY    = -12594.428817844
 CORE_CORE REPULSION  =   9667.069875324
 TOTAL ENERGY         =  -2927.358942521

 @ End Energy calculation

  Skipping one-electron property calculation.

 @ Output Timing Information

------------- TIMING ---------------
| INITIAL GUESS TIME  =    40.295868000(  0.56%)
| DFT GRID OPERATIONS =     1.185678000(  0.02%)
| TOTAL SCF TIME      =  7139.481858000( 99.44%)
|       TOTAL OP TIME      =  7128.064468000( 99.29%)
|             TOTAL 1e TIME      =     2.441469000(  0.03%)
|             TOTAL 2e TIME      =  6551.462978000( 91.25%)
|             TOTAL EXC TIME     =   571.001213000(  7.95%)
|       TOTAL DII TIME      =    11.244151000(  0.16%)
|             TOTAL DIAG TIME    =     2.516272000(  0.04%)
| TOTAL TIME          =  7179.377836000
------------------------------------
| Job cpu time:  0 days  1 hours 59 minutes 39.4 seconds.

 @ Finish Output Timing Information

| Normal Termination. Task Finished on: Wed Jul  8 01:00:51 2026

======== FILE: ./taxol-3/taxol_6-31G*.out ========
| ------------------------------------------------------------------------------------------------------------------------
|  1  -2937.922603729      ------        10.178     1        0.08     10.10      0.03    0.2311E+01  0.1225E-01  0.6381E+00
|  2  -2924.358051282  -.135646E+02      11.550     2        0.08     11.47      0.03    0.2756E+00  0.7925E-02  0.6420E+00
|  3  -2918.316516978  -.604153E+01      11.392     3        0.10     11.29      0.03    0.6888E+00  0.4981E-02  0.6710E+00
|   ***  Level shifting applied  ( HOMO-LUMO gap =  0.017 au ) ***
|  4  -2925.462134713  0.714562E+01      11.240     4        0.10     11.14      0.03    0.3174E+00  0.1669E-02  0.1822E+00
|   ***  Level shifting applied  ( HOMO-LUMO gap =  0.018 au ) ***
|  5  -2926.043159623  0.581025E+00      10.929     5        0.09     10.84      0.03    0.4432E-01  0.9666E-03  0.6236E-01
|  6  -2926.061453683  0.182941E-01      10.805     6        0.10     10.70      0.03    0.1087E+00  0.3614E-03  0.6219E-01
|   ***  Level shifting applied  ( HOMO-LUMO gap =  0.097 au ) ***
|  7  -2926.094043591  0.325899E-01      10.475     7        0.09     10.38      0.03    0.1331E-01  0.1473E-03  0.1143E-01
|  8  -2926.095067363  0.102377E-02      10.270     8        0.09     10.18      0.03    0.9654E-02  0.7341E-04  0.7947E-02
|  9  -2926.095752269  0.684906E-03      10.093     9        0.09     10.00      0.03    0.4012E-02  0.2983E-04  0.3181E-02
| 10  -2926.095852666  0.100396E-03       9.852    10        0.10      9.75      0.03    0.8073E-03  0.1157E-04  0.1005E-02
| 11  -2926.095867271  0.146056E-04       9.609     1        0.10      9.50      0.03    0.5196E-03  0.4148E-05  0.4381E-03
| 12  -2926.095869705  0.243358E-05       9.372     2        0.10      9.27      0.03    0.2176E-03  0.1650E-05  0.2380E-03
| 13  -2926.095869929  0.224622E-06       9.182     3        0.10      9.08      0.03    0.1298E-03  0.7749E-06  0.9833E-04
| ------------------------------------------------------------------------------------------------------------------------
| REACH CONVERGENCE AFTER  13 CYCLES
| MAX ERROR = 0.129829E-03   RMS CHANGE = 0.774885E-06   MAX CHANGE = 0.983264E-04
| -----------------------------------------------
 ALPHA ELECTRON DENSITY    =   223.0009275672
 BETA ELECTRON DENSITY     =   223.0009275672
 ELECTRONIC ENERGY    = -12593.165745253
 CORE_CORE REPULSION  =   9667.069875324
 TOTAL ENERGY         =  -2926.095869929

 @ End Energy calculation

  Skipping one-electron property calculation.

 @ Output Timing Information

------------- TIMING ---------------
| INITIAL GUESS TIME  =     1.190881000(  0.87%)
| DFT GRID OPERATIONS =     1.104275000(  0.80%)
| TOTAL SCF TIME      =   135.074582000( 98.18%)
|       TOTAL OP TIME      =   133.809514000( 97.26%)
|             TOTAL 1e TIME      =     0.128005000(  0.09%)
|             TOTAL 2e TIME      =    44.300885000( 32.20%)
|             TOTAL EXC TIME     =    89.171588000( 64.82%)
|       TOTAL DII TIME      =     1.244203000(  0.90%)
|             TOTAL DIAG TIME    =     0.375674000(  0.27%)
| TOTAL TIME          =   137.573388000
------------------------------------
| Job cpu time:  0 days  0 hours  2 minutes 17.6 seconds.

 @ Finish Output Timing Information

| Normal Termination. Task Finished on: Tue Jul  7 22:41:02 2026

======== FILE: ./taxol-3/taxol_def2-SV(P).out ========
| ------------------------------------------------------------------------------------------------------------------------
|  1  -2936.213498227      ------         9.587     1        0.08      9.50      0.03    0.2434E+01  0.1579E-01  0.7575E+00
|  2  -2922.197615157  -.140159E+02      11.613     2        0.08     11.53      0.03    0.2317E+00  0.9739E-02  0.8069E+00
|  3  -2917.657168686  -.454045E+01      11.509     3        0.10     11.41      0.03    0.8784E+00  0.5859E-02  0.7614E+00
|   ***  Level shifting applied  ( HOMO-LUMO gap =  0.004 au ) ***
|  4  -2923.175361645  0.551819E+01      11.348     4        0.10     11.25      0.03    0.4038E+00  0.2138E-02  0.1944E+00
|   ***  Level shifting applied  ( HOMO-LUMO gap =  0.007 au ) ***
|  5  -2923.862430570  0.687069E+00      11.101     5        0.09     11.01      0.03    0.8806E-01  0.1418E-02  0.1008E+00
|  6  -2923.929433868  0.670033E-01      11.011     6        0.09     10.92      0.03    0.9185E-01  0.6066E-03  0.8874E-01
|  7  -2923.951958363  0.225245E-01      10.765     7        0.09     10.67      0.03    0.3538E-01  0.2828E-03  0.3030E-01
|  8  -2923.958123293  0.616493E-02      10.620     8        0.09     10.53      0.03    0.1003E-01  0.1114E-03  0.7330E-02
|  9  -2923.959368103  0.124481E-02      10.398     9        0.09     10.30      0.03    0.3989E-02  0.3563E-04  0.4163E-02
| 10  -2923.959486476  0.118373E-03      10.124    10        0.10     10.03      0.03    0.2415E-02  0.1433E-04  0.2082E-02
| 11  -2923.959507759  0.212836E-04       9.920     1        0.11      9.81      0.03    0.7998E-03  0.6092E-05  0.6470E-03
| 12  -2923.959511486  0.372675E-05       9.763     2        0.10      9.66      0.03    0.1726E-03  0.2290E-05  0.1766E-03
| 13  -2923.959511907  0.421051E-06       9.575     3        0.10      9.47      0.03    0.8547E-04  0.8876E-06  0.1064E-03
| 14  -2923.959511983  0.763939E-07       9.414     4        0.10      9.31      0.03    0.4178E-04  0.3352E-06  0.4009E-04
| ------------------------------------------------------------------------------------------------------------------------
| REACH CONVERGENCE AFTER  14 CYCLES
| MAX ERROR = 0.417804E-04   RMS CHANGE = 0.335212E-06   MAX CHANGE = 0.400868E-04
| -----------------------------------------------
 ALPHA ELECTRON DENSITY    =   223.0008243449
 BETA ELECTRON DENSITY     =   223.0008243449
 ELECTRONIC ENERGY    = -12591.029387307
 CORE_CORE REPULSION  =   9667.069875324
 TOTAL ENERGY         =  -2923.959511983

 @ End Energy calculation

  Skipping one-electron property calculation.

 @ Output Timing Information

------------- TIMING ---------------
| INITIAL GUESS TIME  =     1.170054000(  0.78%)
| DFT GRID OPERATIONS =     1.099304000(  0.74%)
| TOTAL SCF TIME      =   146.866214000( 98.35%)
|       TOTAL OP TIME      =   145.514911000( 97.44%)
|             TOTAL 1e TIME      =     0.117955000(  0.08%)
|             TOTAL 2e TIME      =    38.314182000( 25.66%)
|             TOTAL EXC TIME     =   106.871097000( 71.57%)
|       TOTAL DII TIME      =     1.329264000(  0.89%)
|             TOTAL DIAG TIME    =     0.404390000(  0.27%)
| TOTAL TIME          =   149.331354000
------------------------------------
| Job cpu time:  0 days  0 hours  2 minutes 29.3 seconds.

 @ Finish Output Timing Information

| Normal Termination. Task Finished on: Tue Jul  7 22:58:18 2026

======== FILE: ./taxol-3/taxol_3-21G.out ========
|   ***  Level shifting applied  ( HOMO-LUMO gap =  0.006 au ) ***
|  4  -2906.532380363  0.106878E+02       3.555     4        0.04      3.51      0.02    0.5490E+00  0.5532E-02  0.4501E+00
|   ***  Level shifting applied  ( HOMO-LUMO gap =  0.047 au ) ***
|  5  -2909.781312754  0.324893E+01       3.522     5        0.04      3.48      0.02    0.2220E+00  0.2781E-02  0.1640E+00
|   ***  Level shifting applied  ( HOMO-LUMO gap =  0.190 au ) ***
|  6  -2909.957141181  0.175828E+00       3.505     6        0.04      3.46      0.02    0.1894E+00  0.1166E-02  0.9974E-01
|   ***  Level shifting applied  ( HOMO-LUMO gap =  0.110 au ) ***
|  7  -2910.032783830  0.756426E-01       3.456     7        0.04      3.42      0.02    0.5108E-01  0.5877E-03  0.2625E-01
|  8  -2910.045605886  0.128221E-01       3.439     8        0.04      3.40      0.02    0.2205E-01  0.2992E-03  0.1755E-01
|  9  -2910.048908507  0.330262E-02       3.409     9        0.04      3.37      0.02    0.9867E-02  0.1332E-03  0.1246E-01
| 10  -2910.049569768  0.661261E-03       3.374    10        0.04      3.34      0.02    0.4952E-02  0.5740E-04  0.6743E-02
| 11  -2910.049719279  0.149512E-03       3.343     1        0.04      3.30      0.02    0.2952E-02  0.2548E-04  0.1915E-02
| 12  -2910.049745441  0.261615E-04       3.317     2        0.04      3.27      0.02    0.1347E-02  0.1626E-04  0.1634E-02
| 13  -2910.049755059  0.961766E-05       3.296     3        0.04      3.25      0.02    0.9181E-03  0.7902E-05  0.8435E-03
| 14  -2910.049757780  0.272144E-05       3.269     4        0.04      3.23      0.02    0.2100E-03  0.3134E-05  0.2322E-03
| 15  -2910.049758068  0.287446E-06       3.241     5        0.04      3.20      0.02    0.7392E-04  0.1179E-05  0.1153E-03
| 16  -2910.049758134  0.660839E-07       3.214     6        0.04      3.17      0.02    0.4582E-04  0.4819E-06  0.3163E-04
| ------------------------------------------------------------------------------------------------------------------------
| REACH CONVERGENCE AFTER  16 CYCLES
| MAX ERROR = 0.458155E-04   RMS CHANGE = 0.481891E-06   MAX CHANGE = 0.316328E-04
| -----------------------------------------------
 ALPHA ELECTRON DENSITY    =   223.0005613527
 BETA ELECTRON DENSITY     =   223.0005613527
 ELECTRONIC ENERGY    = -12577.119633457
 CORE_CORE REPULSION  =   9667.069875324
 TOTAL ENERGY         =  -2910.049758134

 @ End Energy calculation

  Skipping one-electron property calculation.

 @ Output Timing Information

------------- TIMING ---------------
| INITIAL GUESS TIME  =     0.727857000(  1.28%)
| DFT GRID OPERATIONS =     1.070642000(  1.89%)
| TOTAL SCF TIME      =    54.564316000( 96.25%)
|       TOTAL OP TIME      =    53.919413000( 95.11%)
|             TOTAL 1e TIME      =     0.042181000(  0.07%)
|             TOTAL 2e TIME      =     8.644674000( 15.25%)
|             TOTAL EXC TIME     =    45.151836000( 79.65%)
|       TOTAL DII TIME      =     0.636366000(  1.12%)
|             TOTAL DIAG TIME    =     0.253852000(  0.45%)
| TOTAL TIME          =    56.691332000
------------------------------------
| Job cpu time:  0 days  0 hours  0 minutes 56.7 seconds.

 @ Finish Output Timing Information

| Normal Termination. Task Finished on: Tue Jul  7 22:37:23 2026

======== FILE: ./taxol-3/taxol_6-31+G**.out ========
| ------------------------------------------------------------------------------------------------------------------------
|  1  -2936.353768270      ------        46.760     1        0.16     46.60      0.05    0.2237E+01  0.1671E-01  0.2473E+01
|  2  -2924.217718430  -.121360E+02      58.294     2        0.16     58.13      0.05    0.2777E+00  0.2846E-01  0.1123E+02
|  3  -2919.253801582  -.496392E+01      58.229     3        0.20     58.03      0.05    0.5583E+00  0.1898E-01  0.6874E+01
|   ***  Level shifting applied  ( HOMO-LUMO gap =  0.002 au ) ***
|  4  -2925.760748324  0.650695E+01      57.694     4        0.20     57.49      0.05    0.1456E+00  0.7412E-02  0.3093E+01
|   ***  Level shifting applied  ( HOMO-LUMO gap =  0.098 au ) ***
|  5  -2926.289620553  0.528872E+00      56.468     5        0.17     56.29      0.05    0.3567E-01  0.1757E-02  0.5402E+00
|  6  -2926.289539770  -.807827E-04      55.021     6        0.18     54.84      0.05    0.5959E-01  0.6089E-03  0.7474E-01
|  7  -2926.308645682  0.191059E-01      53.640     7        0.18     53.46      0.05    0.2128E-01  0.2203E-03  0.1842E-01
|  8  -2926.311355057  0.270937E-02      52.219     8        0.18     52.04      0.05    0.8557E-02  0.1073E-03  0.1498E-01
|  9  -2926.312032335  0.677278E-03      51.185     9        0.18     51.00      0.05    0.2076E-02  0.3776E-04  0.2539E-02
| 10  -2926.312093179  0.608440E-04      49.770    10        0.19     49.58      0.05    0.1036E-02  0.1588E-04  0.2662E-02
| 11  -2926.312100020  0.684088E-05      48.430     1        0.20     48.22      0.05    0.6531E-03  0.6124E-05  0.6476E-03
| 12  -2926.312103114  0.309417E-05      47.197     2        0.20     46.99      0.05    0.1253E-03  0.2294E-05  0.2561E-03
| 13  -2926.312103264  0.150130E-06      45.936     3        0.20     45.73      0.05    0.8613E-04  0.1035E-05  0.9690E-04
| 14  -2926.312103324  0.599612E-07      44.954     4        0.20     44.75      0.05    0.3487E-04  0.4236E-06  0.3772E-04
| ------------------------------------------------------------------------------------------------------------------------
| REACH CONVERGENCE AFTER  14 CYCLES
| MAX ERROR = 0.348719E-04   RMS CHANGE = 0.423612E-06   MAX CHANGE = 0.377240E-04
| -----------------------------------------------
 ALPHA ELECTRON DENSITY    =   223.0011055533
 BETA ELECTRON DENSITY     =   223.0011055533
 ELECTRONIC ENERGY    = -12593.381978648
 CORE_CORE REPULSION  =   9667.069875324
 TOTAL ENERGY         =  -2926.312103324

 @ End Energy calculation

  Skipping one-electron property calculation.

 @ Output Timing Information

------------- TIMING ---------------
| INITIAL GUESS TIME  =     2.041626000(  0.28%)
| DFT GRID OPERATIONS =     1.138666000(  0.16%)
| TOTAL SCF TIME      =   726.053918000( 99.54%)
|       TOTAL OP TIME      =   723.394172000( 99.18%)
|             TOTAL 1e TIME      =     0.257268000(  0.04%)
|             TOTAL 2e TIME      =   272.619379000( 37.38%)
|             TOTAL EXC TIME     =   450.073518000( 61.71%)
|       TOTAL DII TIME      =     2.619245000(  0.36%)
|             TOTAL DIAG TIME    =     0.701057000(  0.10%)
| TOTAL TIME          =   729.384036000
------------------------------------
| Job cpu time:  0 days  0 hours 12 minutes  9.4 seconds.

 @ Finish Output Timing Information

| Normal Termination. Task Finished on: Tue Jul  7 22:55:48 2026

======== FILE: ./taxol-3/taxol_def2-SVP.out ========
| ------------------------------------------------------------------------------------------------------------------------
|  1  -2936.213498225      ------        10.944     1        0.11     10.83      0.04    0.2434E+01  0.1354E-01  0.8121E+00
|  2  -2922.316476951  -.138970E+02      13.659     2        0.11     13.55      0.04    0.2309E+00  0.8294E-02  0.7998E+00
|  3  -2917.764154435  -.455232E+01      13.529     3        0.13     13.39      0.04    0.8811E+00  0.5034E-02  0.7661E+00
|   ***  Level shifting applied  ( HOMO-LUMO gap =  0.003 au ) ***
|  4  -2923.293255165  0.552910E+01      13.337     4        0.14     13.20      0.04    0.4030E+00  0.1815E-02  0.2004E+00
|   ***  Level shifting applied  ( HOMO-LUMO gap =  0.006 au ) ***
|  5  -2923.983463626  0.690208E+00      12.995     5        0.11     12.88      0.04    0.8711E-01  0.1215E-02  0.1072E+00
|  6  -2924.049846489  0.663829E-01      12.891     6        0.12     12.77      0.04    0.9154E-01  0.5219E-03  0.8845E-01
|  7  -2924.072311386  0.224649E-01      12.566     7        0.12     12.44      0.04    0.3526E-01  0.2453E-03  0.3043E-01
|  8  -2924.078521233  0.620985E-02      12.369     8        0.12     12.25      0.04    0.1008E-01  0.9605E-04  0.7361E-02
|  9  -2924.079776927  0.125569E-02      12.086     9        0.12     11.97      0.04    0.3965E-02  0.3078E-04  0.4197E-02
| 10  -2924.079893862  0.116935E-03      11.725    10        0.12     11.60      0.04    0.2471E-02  0.1262E-04  0.2119E-02
| 11  -2924.079916183  0.223217E-04      11.466     1        0.13     11.33      0.04    0.8084E-03  0.5273E-05  0.6520E-03
| 12  -2924.079920025  0.384164E-05      11.266     2        0.13     11.13      0.04    0.1714E-03  0.1985E-05  0.1758E-03
| 13  -2924.079920444  0.419019E-06      11.023     3        0.13     10.89      0.04    0.8733E-04  0.7823E-06  0.1084E-03
| 14  -2924.079920523  0.791533E-07      10.806     4        0.13     10.67      0.04    0.4250E-04  0.2891E-06  0.4134E-04
| ------------------------------------------------------------------------------------------------------------------------
| REACH CONVERGENCE AFTER  14 CYCLES
| MAX ERROR = 0.425041E-04   RMS CHANGE = 0.289083E-06   MAX CHANGE = 0.413425E-04
| -----------------------------------------------
 ALPHA ELECTRON DENSITY    =   223.0008090503
 BETA ELECTRON DENSITY     =   223.0008090503
 ELECTRONIC ENERGY    = -12591.149795847
 CORE_CORE REPULSION  =   9667.069875324
 TOTAL ENERGY         =  -2924.079920523

 @ End Energy calculation

  Skipping one-electron property calculation.

 @ Output Timing Information

------------- TIMING ---------------
| INITIAL GUESS TIME  =     1.255799000(  0.72%)
| DFT GRID OPERATIONS =     1.106377000(  0.64%)
| TOTAL SCF TIME      =   170.799223000( 98.52%)
|       TOTAL OP TIME      =   169.045807000( 97.50%)
|             TOTAL 1e TIME      =     0.137589000(  0.08%)
|             TOTAL 2e TIME      =    48.706253000( 28.09%)
|             TOTAL EXC TIME     =   119.939559000( 69.18%)
|       TOTAL DII TIME      =     1.728176000(  1.00%)
|             TOTAL DIAG TIME    =     0.523986000(  0.30%)
| TOTAL TIME          =   173.373624000
------------------------------------
| Job cpu time:  0 days  0 hours  2 minutes 53.4 seconds.

 @ Finish Output Timing Information

| Normal Termination. Task Finished on: Tue Jul  7 23:01:11 2026

======== FILE: ./taxol-3/taxol_6-31G.out ========
|  1  -2937.865485275      ------         5.733     1        0.03      5.70      0.02    0.2380E+01  0.1947E-01  0.6070E+00
|  2  -2923.506761648  -.143587E+02       6.252     2        0.03      6.22      0.02    0.2937E+00  0.1503E-01  0.1110E+01
|  3  -2915.954380982  -.755238E+01       6.157     3        0.04      6.12      0.02    0.7779E+00  0.9713E-02  0.7398E+00
|   ***  Level shifting applied  ( HOMO-LUMO gap =  0.003 au ) ***
|  4  -2924.619357937  0.866498E+01       6.085     4        0.04      6.04      0.02    0.2531E+00  0.3140E-02  0.1825E+00
|   ***  Level shifting applied  ( HOMO-LUMO gap =  0.038 au ) ***
|  5  -2925.257811683  0.638454E+00       5.960     5        0.04      5.92      0.02    0.5152E-01  0.1650E-02  0.1038E+00
|  6  -2925.266925613  0.911393E-02       5.885     6        0.04      5.84      0.02    0.1075E+00  0.6406E-03  0.6162E-01
|   ***  Level shifting applied  ( HOMO-LUMO gap =  0.089 au ) ***
|  7  -2925.303343511  0.364179E-01       5.740     7        0.04      5.70      0.02    0.1345E-01  0.2458E-03  0.1514E-01
|  8  -2925.304620431  0.127692E-02       5.645     8        0.04      5.61      0.02    0.7936E-02  0.1144E-03  0.8887E-02
|  9  -2925.305127531  0.507100E-03       5.553     9        0.04      5.51      0.02    0.3954E-02  0.5109E-04  0.4138E-02
| 10  -2925.305229839  0.102308E-03       5.459    10        0.04      5.42      0.02    0.1570E-02  0.1837E-04  0.1499E-02
| 11  -2925.305247602  0.177635E-04       5.341     1        0.04      5.30      0.02    0.4660E-03  0.6485E-05  0.3704E-03
| 12  -2925.305248672  0.106964E-05       5.244     2        0.04      5.20      0.02    0.2179E-03  0.2782E-05  0.2054E-03
| 13  -2925.305249077  0.404871E-06       5.163     3        0.04      5.12      0.02    0.8266E-04  0.1156E-05  0.7059E-04
| 14  -2925.305249116  0.397686E-07       5.080     4        0.04      5.04      0.02    0.4681E-04  0.5205E-06  0.4306E-04
| ------------------------------------------------------------------------------------------------------------------------
| REACH CONVERGENCE AFTER  14 CYCLES
| MAX ERROR = 0.468119E-04   RMS CHANGE = 0.520548E-06   MAX CHANGE = 0.430625E-04
| -----------------------------------------------
 ALPHA ELECTRON DENSITY    =   223.0009183334
 BETA ELECTRON DENSITY     =   223.0009183334
 ELECTRONIC ENERGY    = -12592.375124440
 CORE_CORE REPULSION  =   9667.069875324
 TOTAL ENERGY         =  -2925.305249116

 @ End Energy calculation

  Skipping one-electron property calculation.

 @ Output Timing Information

------------- TIMING ---------------
| INITIAL GUESS TIME  =     0.949296000(  1.16%)
| DFT GRID OPERATIONS =     1.086992000(  1.33%)
| TOTAL SCF TIME      =    79.376297000( 97.27%)
|       TOTAL OP TIME      =    78.815900000( 96.58%)
|             TOTAL 1e TIME      =     0.079177000(  0.10%)
|             TOTAL 2e TIME      =    21.306134000( 26.11%)
|             TOTAL EXC TIME     =    57.317862000( 70.24%)
|       TOTAL DII TIME      =     0.552576000(  0.68%)
|             TOTAL DIAG TIME    =     0.222766000(  0.27%)
| TOTAL TIME          =    81.604238000
------------------------------------
| Job cpu time:  0 days  0 hours  1 minutes 21.6 seconds.

 @ Finish Output Timing Information

| Normal Termination. Task Finished on: Tue Jul  7 22:38:45 2026

======== FILE: ./taxol-3/taxol_6-31G**.out ========
| ------------------------------------------------------------------------------------------------------------------------
|  1  -2937.922603729      ------        11.421     1        0.11     11.31      0.04    0.2311E+01  0.1068E-01  0.6262E+00
|  2  -2924.437257549  -.134853E+02      13.268     2        0.11     13.15      0.04    0.2753E+00  0.6859E-02  0.6433E+00
|  3  -2918.398512588  -.603874E+01      13.099     3        0.13     12.96      0.04    0.6889E+00  0.4332E-02  0.6711E+00
|   ***  Level shifting applied  ( HOMO-LUMO gap =  0.018 au ) ***
|  4  -2925.552097079  0.715358E+01      12.912     4        0.14     12.77      0.04    0.3190E+00  0.1438E-02  0.1831E+00
|   ***  Level shifting applied  ( HOMO-LUMO gap =  0.018 au ) ***
|  5  -2926.135654730  0.583558E+00      12.514     5        0.12     12.40      0.04    0.4443E-01  0.8329E-03  0.6227E-01
|  6  -2926.153718249  0.180635E-01      12.372     6        0.14     12.23      0.04    0.1086E+00  0.3134E-03  0.6218E-01
|   ***  Level shifting applied  ( HOMO-LUMO gap =  0.097 au ) ***
|  7  -2926.186400812  0.326826E-01      11.952     7        0.12     11.83      0.04    0.1331E-01  0.1276E-03  0.1165E-01
|  8  -2926.187414388  0.101358E-02      11.689     8        0.12     11.57      0.04    0.9663E-02  0.6427E-04  0.8236E-02
|  9  -2926.188109266  0.694878E-03      11.476     9        0.12     11.35      0.04    0.4119E-02  0.2608E-04  0.3305E-02
| 10  -2926.188209614  0.100348E-03      11.172    10        0.12     11.05      0.04    0.8318E-03  0.1021E-04  0.1018E-02
| 11  -2926.188225002  0.153882E-04      10.877     1        0.13     10.74      0.04    0.5340E-03  0.3655E-05  0.4520E-03
| 12  -2926.188227520  0.251797E-05      10.579     2        0.13     10.44      0.04    0.2210E-03  0.1458E-05  0.2414E-03
| 13  -2926.188227753  0.232911E-06      10.345     3        0.13     10.21      0.04    0.1310E-03  0.6836E-06  0.9881E-04
| ------------------------------------------------------------------------------------------------------------------------
| REACH CONVERGENCE AFTER  13 CYCLES
| MAX ERROR = 0.130995E-03   RMS CHANGE = 0.683587E-06   MAX CHANGE = 0.988125E-04
| -----------------------------------------------
 ALPHA ELECTRON DENSITY    =   223.0009189852
 BETA ELECTRON DENSITY     =   223.0009189852
 ELECTRONIC ENERGY    = -12593.258103076
 CORE_CORE REPULSION  =   9667.069875324
 TOTAL ENERGY         =  -2926.188227753

 @ End Energy calculation

  Skipping one-electron property calculation.

 @ Output Timing Information

------------- TIMING ---------------
| INITIAL GUESS TIME  =     1.261374000(  0.81%)
| DFT GRID OPERATIONS =     1.109661000(  0.71%)
| TOTAL SCF TIME      =   153.822301000( 98.35%)
|       TOTAL OP TIME      =   152.174173000( 97.29%)
|             TOTAL 1e TIME      =     0.147253000(  0.09%)
|             TOTAL 2e TIME      =    53.916202000( 34.47%)
|             TOTAL EXC TIME     =    97.855810000( 62.56%)
|       TOTAL DII TIME      =     1.624608000(  1.04%)
|             TOTAL DIAG TIME    =     0.491358000(  0.31%)
| TOTAL TIME          =   156.406740000
------------------------------------
| Job cpu time:  0 days  0 hours  2 minutes 36.4 seconds.

 @ Finish Output Timing Information

| Normal Termination. Task Finished on: Tue Jul  7 22:43:39 2026

======== FILE: ./taxol-2/taxol_def2-TZVP.out ========
|  2  -2925.420695509  -.140420E+02     704.848     2        0.66    704.18      0.17    0.3513E+00  0.1111E-01  0.5504E+01
|  3  -2919.416530114  -.600417E+01     715.828     3        0.82    715.00      0.17    0.9800E+00  0.7105E-02  0.3478E+01
|   ***  Level shifting applied  ( HOMO-LUMO gap =  0.012 au ) ***
|  4  -2926.541856360  0.712533E+01     689.421     4        0.83    688.58      0.17    0.4094E+00  0.2205E-02  0.1038E+01
|   ***  Level shifting applied  ( HOMO-LUMO gap =  0.013 au ) ***
|  5  -2927.271406423  0.729550E+00     638.116     5        0.69    637.42      0.17    0.8060E-01  0.1075E-02  0.3746E+00
|  6  -2927.316631056  0.452246E-01     619.444     6        0.85    618.58      0.17    0.1157E+00  0.2611E-03  0.9883E-01
|   ***  Level shifting applied  ( HOMO-LUMO gap =  0.108 au ) ***
|  7  -2927.355138592  0.385075E-01     554.865     7        0.70    554.16      0.17    0.1982E-01  0.1608E-03  0.5944E-01
|  8  -2927.356911260  0.177267E-02     527.700     8        0.70    526.99      0.17    0.1815E-01  0.7110E-04  0.1745E-01
|  9  -2927.358631217  0.171996E-02     490.525     9        0.71    489.80      0.17    0.7829E-02  0.2413E-04  0.7149E-02
| 10  -2927.358890235  0.259018E-03     443.351    10        0.72    442.62      0.17    0.2088E-02  0.8253E-05  0.1719E-02
| 11  -2927.358936110  0.458751E-04     401.645     1        0.78    400.85      0.17    0.7583E-03  0.3621E-05  0.7806E-03
| 12  -2927.358941562  0.545139E-05     358.597     2        0.78    357.80      0.17    0.3184E-03  0.1410E-05  0.4831E-03
| 13  -2927.358942192  0.629951E-06     318.728     3        0.78    317.93      0.17    0.1271E-03  0.6260E-06  0.1139E-03
| 14  -2927.358942416  0.224458E-06     285.302     4        0.78    284.51      0.17    0.7203E-04  0.2880E-06  0.1009E-03
| 15  -2927.358942520  0.104115E-06     252.841     5        0.78    252.05      0.17    0.3837E-04  0.2863E-06  0.5662E-04
| ------------------------------------------------------------------------------------------------------------------------
| REACH CONVERGENCE AFTER  15 CYCLES
| MAX ERROR = 0.383736E-04   RMS CHANGE = 0.286259E-06   MAX CHANGE = 0.566164E-04
| -----------------------------------------------
 ALPHA ELECTRON DENSITY    =   223.0013940299
 BETA ELECTRON DENSITY     =   223.0013940299
 ELECTRONIC ENERGY    = -12594.428817844
 CORE_CORE REPULSION  =   9667.069875324
 TOTAL ENERGY         =  -2927.358942520

 @ End Energy calculation

  Skipping one-electron property calculation.

 @ Output Timing Information

------------- TIMING ---------------
| INITIAL GUESS TIME  =    40.166695000(  0.56%)
| DFT GRID OPERATIONS =     1.184756000(  0.02%)
| TOTAL SCF TIME      =  7135.887479000( 99.45%)
|       TOTAL OP TIME      =  7124.479427000( 99.29%)
|             TOTAL 1e TIME      =     2.436838000(  0.03%)
|             TOTAL 2e TIME      =  6548.096155000( 91.25%)
|             TOTAL EXC TIME     =   570.791465000(  7.95%)
|       TOTAL DII TIME      =    11.233785000(  0.16%)
|             TOTAL DIAG TIME    =     2.516934000(  0.04%)
| TOTAL TIME          =  7175.648230000
------------------------------------
| Job cpu time:  0 days  1 hours 59 minutes 35.6 seconds.

 @ Finish Output Timing Information

| Normal Termination. Task Finished on: Wed Jul  8 05:53:36 2026

======== FILE: ./taxol-2/taxol_6-31G*.out ========
| ------------------------------------------------------------------------------------------------------------------------
|  1  -2937.922603729      ------        10.173     1        0.08     10.09      0.03    0.2311E+01  0.1225E-01  0.6381E+00
|  2  -2924.358051282  -.135646E+02      11.549     2        0.08     11.46      0.03    0.2756E+00  0.7925E-02  0.6420E+00
|  3  -2918.316516978  -.604153E+01      11.401     3        0.10     11.30      0.03    0.6888E+00  0.4981E-02  0.6710E+00
|   ***  Level shifting applied  ( HOMO-LUMO gap =  0.017 au ) ***
|  4  -2925.462134713  0.714562E+01      11.244     4        0.10     11.14      0.03    0.3174E+00  0.1669E-02  0.1822E+00
|   ***  Level shifting applied  ( HOMO-LUMO gap =  0.018 au ) ***
|  5  -2926.043159623  0.581025E+00      10.921     5        0.09     10.83      0.03    0.4432E-01  0.9666E-03  0.6236E-01
|  6  -2926.061453683  0.182941E-01      10.811     6        0.10     10.71      0.03    0.1087E+00  0.3614E-03  0.6219E-01
|   ***  Level shifting applied  ( HOMO-LUMO gap =  0.097 au ) ***
|  7  -2926.094043591  0.325899E-01      10.476     7        0.09     10.38      0.03    0.1331E-01  0.1473E-03  0.1143E-01
|  8  -2926.095067363  0.102377E-02      10.271     8        0.09     10.18      0.03    0.9654E-02  0.7341E-04  0.7947E-02
|  9  -2926.095752269  0.684906E-03      10.092     9        0.09     10.00      0.03    0.4012E-02  0.2983E-04  0.3181E-02
| 10  -2926.095852665  0.100396E-03       9.846    10        0.10      9.75      0.03    0.8073E-03  0.1157E-04  0.1005E-02
| 11  -2926.095867271  0.146055E-04       9.605     1        0.10      9.50      0.03    0.5196E-03  0.4148E-05  0.4381E-03
| 12  -2926.095869705  0.243360E-05       9.366     2        0.10      9.26      0.03    0.2176E-03  0.1650E-05  0.2380E-03
| 13  -2926.095869929  0.224627E-06       9.177     3        0.10      9.07      0.03    0.1298E-03  0.7749E-06  0.9833E-04
| ------------------------------------------------------------------------------------------------------------------------
| REACH CONVERGENCE AFTER  13 CYCLES
| MAX ERROR = 0.129829E-03   RMS CHANGE = 0.774885E-06   MAX CHANGE = 0.983264E-04
| -----------------------------------------------
 ALPHA ELECTRON DENSITY    =   223.0009275672
 BETA ELECTRON DENSITY     =   223.0009275672
 ELECTRONIC ENERGY    = -12593.165745253
 CORE_CORE REPULSION  =   9667.069875324
 TOTAL ENERGY         =  -2926.095869929

 @ End Energy calculation

  Skipping one-electron property calculation.

 @ Output Timing Information

------------- TIMING ---------------
| INITIAL GUESS TIME  =     1.183041000(  0.86%)
| DFT GRID OPERATIONS =     1.099623000(  0.80%)
| TOTAL SCF TIME      =   135.060687000( 98.19%)
|       TOTAL OP TIME      =   133.799968000( 97.28%)
|             TOTAL 1e TIME      =     0.128071000(  0.09%)
|             TOTAL 2e TIME      =    44.322426000( 32.22%)
|             TOTAL EXC TIME     =    89.140727000( 64.81%)
|       TOTAL DII TIME      =     1.240070000(  0.90%)
|             TOTAL DIAG TIME    =     0.375736000(  0.27%)
| TOTAL TIME          =   137.545670000
------------------------------------
| Job cpu time:  0 days  0 hours  2 minutes 17.5 seconds.

 @ Finish Output Timing Information

| Normal Termination. Task Finished on: Wed Jul  8 03:33:51 2026

======== FILE: ./taxol-2/taxol_def2-SV(P).out ========
| ------------------------------------------------------------------------------------------------------------------------
|  1  -2936.213498227      ------         9.584     1        0.08      9.50      0.03    0.2434E+01  0.1579E-01  0.7575E+00
|  2  -2922.197615157  -.140159E+02      11.620     2        0.08     11.54      0.03    0.2317E+00  0.9739E-02  0.8069E+00
|  3  -2917.657168687  -.454045E+01      11.508     3        0.10     11.41      0.03    0.8784E+00  0.5859E-02  0.7614E+00
|   ***  Level shifting applied  ( HOMO-LUMO gap =  0.004 au ) ***
|  4  -2923.175361645  0.551819E+01      11.350     4        0.10     11.25      0.03    0.4038E+00  0.2138E-02  0.1944E+00
|   ***  Level shifting applied  ( HOMO-LUMO gap =  0.007 au ) ***
|  5  -2923.862430570  0.687069E+00      11.097     5        0.09     11.01      0.03    0.8806E-01  0.1418E-02  0.1008E+00
|  6  -2923.929433868  0.670033E-01      11.015     6        0.09     10.92      0.03    0.9185E-01  0.6066E-03  0.8874E-01
|  7  -2923.951958363  0.225245E-01      10.770     7        0.09     10.68      0.03    0.3538E-01  0.2828E-03  0.3030E-01
|  8  -2923.958123293  0.616493E-02      10.622     8        0.09     10.53      0.03    0.1003E-01  0.1114E-03  0.7330E-02
|  9  -2923.959368103  0.124481E-02      10.402     9        0.09     10.31      0.03    0.3989E-02  0.3563E-04  0.4163E-02
| 10  -2923.959486476  0.118373E-03      10.122    10        0.10     10.02      0.03    0.2415E-02  0.1433E-04  0.2082E-02
| 11  -2923.959507759  0.212836E-04       9.918     1        0.10      9.81      0.03    0.7998E-03  0.6092E-05  0.6470E-03
| 12  -2923.959511486  0.372676E-05       9.766     2        0.10      9.66      0.03    0.1726E-03  0.2290E-05  0.1766E-03
| 13  -2923.959511907  0.421045E-06       9.577     3        0.10      9.47      0.03    0.8547E-04  0.8876E-06  0.1064E-03
| 14  -2923.959511984  0.763903E-07       9.415     4        0.10      9.31      0.03    0.4178E-04  0.3352E-06  0.4009E-04
| ------------------------------------------------------------------------------------------------------------------------
| REACH CONVERGENCE AFTER  14 CYCLES
| MAX ERROR = 0.417804E-04   RMS CHANGE = 0.335212E-06   MAX CHANGE = 0.400868E-04
| -----------------------------------------------
 ALPHA ELECTRON DENSITY    =   223.0008243449
 BETA ELECTRON DENSITY     =   223.0008243449
 ELECTRONIC ENERGY    = -12591.029387307
 CORE_CORE REPULSION  =   9667.069875324
 TOTAL ENERGY         =  -2923.959511984

 @ End Energy calculation

  Skipping one-electron property calculation.

 @ Output Timing Information

------------- TIMING ---------------
| INITIAL GUESS TIME  =     1.165783000(  0.78%)
| DFT GRID OPERATIONS =     1.100983000(  0.74%)
| TOTAL SCF TIME      =   146.884566000( 98.35%)
|       TOTAL OP TIME      =   145.534554000( 97.45%)
|             TOTAL 1e TIME      =     0.117573000(  0.08%)
|             TOTAL 2e TIME      =    38.322436000( 25.66%)
|             TOTAL EXC TIME     =   106.883610000( 71.57%)
|       TOTAL DII TIME      =     1.327121000(  0.89%)
|             TOTAL DIAG TIME    =     0.405373000(  0.27%)
| TOTAL TIME          =   149.350267000
------------------------------------
| Job cpu time:  0 days  0 hours  2 minutes 29.4 seconds.

 @ Finish Output Timing Information

| Normal Termination. Task Finished on: Wed Jul  8 03:51:07 2026

======== FILE: ./taxol-2/taxol_3-21G.out ========
|   ***  Level shifting applied  ( HOMO-LUMO gap =  0.006 au ) ***
|  4  -2906.532380363  0.106878E+02       3.546     4        0.04      3.50      0.02    0.5490E+00  0.5532E-02  0.4501E+00
|   ***  Level shifting applied  ( HOMO-LUMO gap =  0.047 au ) ***
|  5  -2909.781312755  0.324893E+01       3.514     5        0.04      3.47      0.02    0.2220E+00  0.2781E-02  0.1640E+00
|   ***  Level shifting applied  ( HOMO-LUMO gap =  0.190 au ) ***
|  6  -2909.957141181  0.175828E+00       3.500     6        0.04      3.46      0.02    0.1894E+00  0.1166E-02  0.9974E-01
|   ***  Level shifting applied  ( HOMO-LUMO gap =  0.110 au ) ***
|  7  -2910.032783830  0.756426E-01       3.453     7        0.04      3.41      0.02    0.5108E-01  0.5877E-03  0.2625E-01
|  8  -2910.045605886  0.128221E-01       3.436     8        0.04      3.40      0.02    0.2205E-01  0.2992E-03  0.1755E-01
|  9  -2910.048908507  0.330262E-02       3.406     9        0.04      3.37      0.02    0.9867E-02  0.1332E-03  0.1246E-01
| 10  -2910.049569768  0.661261E-03       3.373    10        0.04      3.33      0.02    0.4952E-02  0.5740E-04  0.6743E-02
| 11  -2910.049719280  0.149512E-03       3.341     1        0.04      3.30      0.02    0.2952E-02  0.2548E-04  0.1915E-02
| 12  -2910.049745441  0.261615E-04       3.314     2        0.04      3.27      0.02    0.1347E-02  0.1626E-04  0.1634E-02
| 13  -2910.049755059  0.961765E-05       3.290     3        0.04      3.25      0.02    0.9181E-03  0.7902E-05  0.8435E-03
| 14  -2910.049757780  0.272144E-05       3.264     4        0.04      3.22      0.02    0.2100E-03  0.3134E-05  0.2322E-03
| 15  -2910.049758068  0.287446E-06       3.237     5        0.04      3.19      0.02    0.7392E-04  0.1179E-05  0.1153E-03
| 16  -2910.049758134  0.660821E-07       3.212     6        0.04      3.17      0.02    0.4582E-04  0.4819E-06  0.3163E-04
| ------------------------------------------------------------------------------------------------------------------------
| REACH CONVERGENCE AFTER  16 CYCLES
| MAX ERROR = 0.458155E-04   RMS CHANGE = 0.481891E-06   MAX CHANGE = 0.316328E-04
| -----------------------------------------------
 ALPHA ELECTRON DENSITY    =   223.0005613527
 BETA ELECTRON DENSITY     =   223.0005613527
 ELECTRONIC ENERGY    = -12577.119633457
 CORE_CORE REPULSION  =   9667.069875324
 TOTAL ENERGY         =  -2910.049758134

 @ End Energy calculation

  Skipping one-electron property calculation.

 @ Output Timing Information

------------- TIMING ---------------
| INITIAL GUESS TIME  =     0.734021000(  1.30%)
| DFT GRID OPERATIONS =     1.071875000(  1.89%)
| TOTAL SCF TIME      =    54.480344000( 96.24%)
|       TOTAL OP TIME      =    53.835633000( 95.10%)
|             TOTAL 1e TIME      =     0.042430000(  0.07%)
|             TOTAL 2e TIME      =     8.638315000( 15.26%)
|             TOTAL EXC TIME     =    45.074293000( 79.63%)
|       TOTAL DII TIME      =     0.635838000(  1.12%)
|             TOTAL DIAG TIME    =     0.253150000(  0.45%)
| TOTAL TIME          =    56.606706000
------------------------------------
| Job cpu time:  0 days  0 hours  0 minutes 56.6 seconds.

 @ Finish Output Timing Information

| Normal Termination. Task Finished on: Wed Jul  8 03:30:12 2026

======== FILE: ./taxol-2/taxol_6-31+G**.out ========
| ------------------------------------------------------------------------------------------------------------------------
|  1  -2936.353768270      ------        46.753     1        0.16     46.59      0.05    0.2237E+01  0.1671E-01  0.2473E+01
|  2  -2924.217718430  -.121360E+02      58.262     2        0.16     58.10      0.05    0.2777E+00  0.2846E-01  0.1123E+02
|  3  -2919.253801582  -.496392E+01      58.228     3        0.20     58.03      0.05    0.5583E+00  0.1898E-01  0.6874E+01
|   ***  Level shifting applied  ( HOMO-LUMO gap =  0.002 au ) ***
|  4  -2925.760748324  0.650695E+01      57.673     4        0.20     57.47      0.05    0.1456E+00  0.7412E-02  0.3093E+01
|   ***  Level shifting applied  ( HOMO-LUMO gap =  0.098 au ) ***
|  5  -2926.289620553  0.528872E+00      56.448     5        0.17     56.27      0.05    0.3567E-01  0.1757E-02  0.5402E+00
|  6  -2926.289539770  -.807827E-04      54.988     6        0.18     54.81      0.05    0.5959E-01  0.6089E-03  0.7474E-01
|  7  -2926.308645682  0.191059E-01      53.610     7        0.18     53.43      0.05    0.2128E-01  0.2203E-03  0.1842E-01
|  8  -2926.311355056  0.270937E-02      52.209     8        0.18     52.03      0.05    0.8557E-02  0.1073E-03  0.1498E-01
|  9  -2926.312032335  0.677278E-03      51.178     9        0.18     50.99      0.05    0.2076E-02  0.3776E-04  0.2539E-02
| 10  -2926.312093178  0.608440E-04      49.748    10        0.19     49.56      0.05    0.1036E-02  0.1588E-04  0.2662E-02
| 11  -2926.312100019  0.684089E-05      48.420     1        0.20     48.21      0.05    0.6531E-03  0.6124E-05  0.6476E-03
| 12  -2926.312103114  0.309416E-05      47.189     2        0.20     46.98      0.05    0.1253E-03  0.2294E-05  0.2561E-03
| 13  -2926.312103264  0.150130E-06      45.925     3        0.20     45.72      0.05    0.8613E-04  0.1035E-05  0.9689E-04
| 14  -2926.312103324  0.601067E-07      44.950     4        0.20     44.74      0.05    0.3487E-04  0.4239E-06  0.3774E-04
| ------------------------------------------------------------------------------------------------------------------------
| REACH CONVERGENCE AFTER  14 CYCLES
| MAX ERROR = 0.348719E-04   RMS CHANGE = 0.423889E-06   MAX CHANGE = 0.377397E-04
| -----------------------------------------------
 ALPHA ELECTRON DENSITY    =   223.0011055533
 BETA ELECTRON DENSITY     =   223.0011055533
 ELECTRONIC ENERGY    = -12593.381978647
 CORE_CORE REPULSION  =   9667.069875324
 TOTAL ENERGY         =  -2926.312103324

 @ End Energy calculation

  Skipping one-electron property calculation.

 @ Output Timing Information

------------- TIMING ---------------
| INITIAL GUESS TIME  =     2.037167000(  0.28%)
| DFT GRID OPERATIONS =     1.141329000(  0.16%)
| TOTAL SCF TIME      =   725.839585000( 99.54%)
|       TOTAL OP TIME      =   723.182256000( 99.18%)
|             TOTAL 1e TIME      =     0.257573000(  0.04%)
|             TOTAL 2e TIME      =   272.525708000( 37.38%)
|             TOTAL EXC TIME     =   449.954295000( 61.71%)
|       TOTAL DII TIME      =     2.615692000(  0.36%)
|             TOTAL DIAG TIME    =     0.700329000(  0.10%)
| TOTAL TIME          =   729.165504000
------------------------------------
| Job cpu time:  0 days  0 hours 12 minutes  9.2 seconds.

 @ Finish Output Timing Information

| Normal Termination. Task Finished on: Wed Jul  8 03:48:37 2026

======== FILE: ./taxol-2/taxol_def2-SVP.out ========
| ------------------------------------------------------------------------------------------------------------------------
|  1  -2936.213498225      ------        10.941     1        0.11     10.83      0.04    0.2434E+01  0.1354E-01  0.8121E+00
|  2  -2922.316476951  -.138970E+02      13.659     2        0.11     13.55      0.04    0.2309E+00  0.8294E-02  0.7998E+00
|  3  -2917.764154435  -.455232E+01      13.522     3        0.13     13.39      0.04    0.8811E+00  0.5034E-02  0.7661E+00
|   ***  Level shifting applied  ( HOMO-LUMO gap =  0.003 au ) ***
|  4  -2923.293255165  0.552910E+01      13.326     4        0.14     13.19      0.04    0.4030E+00  0.1815E-02  0.2004E+00
|   ***  Level shifting applied  ( HOMO-LUMO gap =  0.006 au ) ***
|  5  -2923.983463626  0.690208E+00      12.995     5        0.12     12.88      0.04    0.8711E-01  0.1215E-02  0.1072E+00
|  6  -2924.049846489  0.663829E-01      12.898     6        0.12     12.78      0.04    0.9154E-01  0.5219E-03  0.8845E-01
|  7  -2924.072311386  0.224649E-01      12.564     7        0.12     12.44      0.04    0.3526E-01  0.2453E-03  0.3043E-01
|  8  -2924.078521233  0.620985E-02      12.367     8        0.12     12.25      0.04    0.1008E-01  0.9605E-04  0.7361E-02
|  9  -2924.079776927  0.125569E-02      12.089     9        0.12     11.97      0.04    0.3965E-02  0.3078E-04  0.4197E-02
| 10  -2924.079893862  0.116935E-03      11.725    10        0.12     11.60      0.04    0.2471E-02  0.1262E-04  0.2119E-02
| 11  -2924.079916183  0.223217E-04      11.464     1        0.13     11.33      0.04    0.8084E-03  0.5273E-05  0.6520E-03
| 12  -2924.079920025  0.384163E-05      11.264     2        0.13     11.13      0.04    0.1714E-03  0.1985E-05  0.1758E-03
| 13  -2924.079920444  0.419028E-06      11.022     3        0.13     10.89      0.04    0.8733E-04  0.7823E-06  0.1084E-03
| 14  -2924.079920523  0.791479E-07      10.806     4        0.13     10.67      0.04    0.4250E-04  0.2891E-06  0.4134E-04
| ------------------------------------------------------------------------------------------------------------------------
| REACH CONVERGENCE AFTER  14 CYCLES
| MAX ERROR = 0.425041E-04   RMS CHANGE = 0.289083E-06   MAX CHANGE = 0.413425E-04
| -----------------------------------------------
 ALPHA ELECTRON DENSITY    =   223.0008090504
 BETA ELECTRON DENSITY     =   223.0008090504
 ELECTRONIC ENERGY    = -12591.149795847
 CORE_CORE REPULSION  =   9667.069875324
 TOTAL ENERGY         =  -2924.079920523

 @ End Energy calculation

  Skipping one-electron property calculation.

 @ Output Timing Information

------------- TIMING ---------------
| INITIAL GUESS TIME  =     1.286096000(  0.74%)
| DFT GRID OPERATIONS =     1.105306000(  0.64%)
| TOTAL SCF TIME      =   170.779019000( 98.50%)
|       TOTAL OP TIME      =   169.025695000( 97.49%)
|             TOTAL 1e TIME      =     0.137181000(  0.08%)
|             TOTAL 2e TIME      =    48.669459000( 28.07%)
|             TOTAL EXC TIME     =   119.957294000( 69.19%)
|       TOTAL DII TIME      =     1.728236000(  1.00%)
|             TOTAL DIAG TIME    =     0.524560000(  0.30%)
| TOTAL TIME          =   173.381395000
------------------------------------
| Job cpu time:  0 days  0 hours  2 minutes 53.4 seconds.

 @ Finish Output Timing Information

| Normal Termination. Task Finished on: Wed Jul  8 03:54:00 2026

======== FILE: ./taxol-2/taxol_6-31G.out ========
|  1  -2937.865485275      ------         5.729     1        0.03      5.69      0.02    0.2380E+01  0.1947E-01  0.6070E+00
|  2  -2923.506761648  -.143587E+02       6.248     2        0.03      6.21      0.02    0.2937E+00  0.1503E-01  0.1110E+01
|  3  -2915.954380982  -.755238E+01       6.155     3        0.04      6.11      0.02    0.7779E+00  0.9713E-02  0.7398E+00
|   ***  Level shifting applied  ( HOMO-LUMO gap =  0.003 au ) ***
|  4  -2924.619357937  0.866498E+01       6.083     4        0.04      6.04      0.02    0.2531E+00  0.3140E-02  0.1825E+00
|   ***  Level shifting applied  ( HOMO-LUMO gap =  0.038 au ) ***
|  5  -2925.257811683  0.638454E+00       5.955     5        0.04      5.92      0.02    0.5152E-01  0.1650E-02  0.1038E+00
|  6  -2925.266925613  0.911393E-02       5.882     6        0.04      5.84      0.02    0.1075E+00  0.6406E-03  0.6162E-01
|   ***  Level shifting applied  ( HOMO-LUMO gap =  0.089 au ) ***
|  7  -2925.303343511  0.364179E-01       5.737     7        0.04      5.70      0.02    0.1345E-01  0.2458E-03  0.1514E-01
|  8  -2925.304620431  0.127692E-02       5.644     8        0.04      5.61      0.02    0.7936E-02  0.1144E-03  0.8887E-02
|  9  -2925.305127531  0.507100E-03       5.550     9        0.04      5.51      0.02    0.3954E-02  0.5109E-04  0.4138E-02
| 10  -2925.305229839  0.102308E-03       5.457    10        0.04      5.42      0.02    0.1570E-02  0.1837E-04  0.1499E-02
| 11  -2925.305247602  0.177635E-04       5.339     1        0.04      5.30      0.02    0.4660E-03  0.6485E-05  0.3704E-03
| 12  -2925.305248672  0.106964E-05       5.241     2        0.04      5.20      0.02    0.2179E-03  0.2782E-05  0.2054E-03
| 13  -2925.305249077  0.404883E-06       5.160     3        0.04      5.12      0.02    0.8266E-04  0.1156E-05  0.7059E-04
| 14  -2925.305249117  0.397613E-07       5.078     4        0.04      5.04      0.02    0.4681E-04  0.5205E-06  0.4306E-04
| ------------------------------------------------------------------------------------------------------------------------
| REACH CONVERGENCE AFTER  14 CYCLES
| MAX ERROR = 0.468119E-04   RMS CHANGE = 0.520548E-06   MAX CHANGE = 0.430625E-04
| -----------------------------------------------
 ALPHA ELECTRON DENSITY    =   223.0009183334
 BETA ELECTRON DENSITY     =   223.0009183334
 ELECTRONIC ENERGY    = -12592.375124440
 CORE_CORE REPULSION  =   9667.069875324
 TOTAL ENERGY         =  -2925.305249117

 @ End Energy calculation

  Skipping one-electron property calculation.

 @ Output Timing Information

------------- TIMING ---------------
| INITIAL GUESS TIME  =     0.950178000(  1.16%)
| DFT GRID OPERATIONS =     1.083831000(  1.33%)
| TOTAL SCF TIME      =    79.335739000( 97.27%)
|       TOTAL OP TIME      =    78.778945000( 96.59%)
|             TOTAL 1e TIME      =     0.079148000(  0.10%)
|             TOTAL 2e TIME      =    21.304564000( 26.12%)
|             TOTAL EXC TIME     =    57.281991000( 70.23%)
|       TOTAL DII TIME      =     0.548969000(  0.67%)
|             TOTAL DIAG TIME    =     0.222374000(  0.27%)
| TOTAL TIME          =    81.563245000
------------------------------------
| Job cpu time:  0 days  0 hours  1 minutes 21.6 seconds.

 @ Finish Output Timing Information

| Normal Termination. Task Finished on: Wed Jul  8 03:31:34 2026

======== FILE: ./taxol-2/taxol_6-31G**.out ========
| ------------------------------------------------------------------------------------------------------------------------
|  1  -2937.922603729      ------        11.420     1        0.11     11.31      0.04    0.2311E+01  0.1068E-01  0.6262E+00
|  2  -2924.437257549  -.134853E+02      13.269     2        0.11     13.16      0.04    0.2753E+00  0.6859E-02  0.6433E+00
|  3  -2918.398512588  -.603874E+01      13.102     3        0.13     12.96      0.04    0.6889E+00  0.4332E-02  0.6711E+00
|   ***  Level shifting applied  ( HOMO-LUMO gap =  0.018 au ) ***
|  4  -2925.552097079  0.715358E+01      12.903     4        0.14     12.77      0.04    0.3190E+00  0.1438E-02  0.1831E+00
|   ***  Level shifting applied  ( HOMO-LUMO gap =  0.018 au ) ***
|  5  -2926.135654730  0.583558E+00      12.516     5        0.12     12.40      0.04    0.4443E-01  0.8329E-03  0.6227E-01
|  6  -2926.153718249  0.180635E-01      12.374     6        0.14     12.23      0.04    0.1086E+00  0.3134E-03  0.6218E-01
|   ***  Level shifting applied  ( HOMO-LUMO gap =  0.097 au ) ***
|  7  -2926.186400812  0.326826E-01      11.955     7        0.12     11.83      0.04    0.1331E-01  0.1276E-03  0.1165E-01
|  8  -2926.187414388  0.101358E-02      11.691     8        0.12     11.57      0.04    0.9663E-02  0.6427E-04  0.8236E-02
|  9  -2926.188109266  0.694878E-03      11.476     9        0.12     11.35      0.04    0.4119E-02  0.2608E-04  0.3305E-02
| 10  -2926.188209614  0.100348E-03      11.176    10        0.12     11.05      0.04    0.8318E-03  0.1021E-04  0.1018E-02
| 11  -2926.188225002  0.153882E-04      10.880     1        0.13     10.75      0.04    0.5340E-03  0.3655E-05  0.4520E-03
| 12  -2926.188227520  0.251797E-05      10.581     2        0.13     10.45      0.04    0.2210E-03  0.1458E-05  0.2414E-03
| 13  -2926.188227753  0.232916E-06      10.346     3        0.13     10.21      0.04    0.1310E-03  0.6836E-06  0.9881E-04
| ------------------------------------------------------------------------------------------------------------------------
| REACH CONVERGENCE AFTER  13 CYCLES
| MAX ERROR = 0.130995E-03   RMS CHANGE = 0.683587E-06   MAX CHANGE = 0.988125E-04
| -----------------------------------------------
 ALPHA ELECTRON DENSITY    =   223.0009189852
 BETA ELECTRON DENSITY     =   223.0009189852
 ELECTRONIC ENERGY    = -12593.258103076
 CORE_CORE REPULSION  =   9667.069875324
 TOTAL ENERGY         =  -2926.188227753

 @ End Energy calculation

  Skipping one-electron property calculation.

 @ Output Timing Information

------------- TIMING ---------------
| INITIAL GUESS TIME  =     1.262462000(  0.81%)
| DFT GRID OPERATIONS =     1.110162000(  0.71%)
| TOTAL SCF TIME      =   153.834076000( 98.35%)
|       TOTAL OP TIME      =   152.188940000( 97.29%)
|             TOTAL 1e TIME      =     0.146695000(  0.09%)
|             TOTAL 2e TIME      =    53.936318000( 34.48%)
|             TOTAL EXC TIME     =    97.850728000( 62.56%)
|       TOTAL DII TIME      =     1.621328000(  1.04%)
|             TOTAL DIAG TIME    =     0.490647000(  0.31%)
| TOTAL TIME          =   156.422572000
------------------------------------
| Job cpu time:  0 days  0 hours  2 minutes 36.4 seconds.

 @ Finish Output Timing Information

| Normal Termination. Task Finished on: Wed Jul  8 03:36:28 2026

======== FILE: ./morphine-1/morphine_def2-SV(P).out ========
                                         SCF ENERGY
| ------------------------------------------------------------------------------------------------------------------------
| NCYC       ENERGY         DELTA_E      SCF_TIME  DII_CYC   DII_TIME   O_TIME  DIAG_TIME    MAX_ERR    RMS_CHG    MAX_CHG
| ------------------------------------------------------------------------------------------------------------------------
|  1   -942.504262848      ------         4.179     1        0.01      4.16      0.01    0.2218E+01  0.2713E-01  0.6833E+00
|  2   -937.813917181  -.469035E+01       4.330     2        0.01      4.31      0.01    0.3122E+00  0.2212E-01  0.1008E+01
|  3   -936.817357609  -.996560E+00       4.319     3        0.02      4.30      0.01    0.5448E+00  0.1309E-01  0.6223E+00
|   ***  Level shifting applied  ( HOMO-LUMO gap =  0.020 au ) ***
|  4   -938.439622658  0.162227E+01       4.306     4        0.02      4.29      0.01    0.6708E-01  0.4634E-02  0.1467E+00
|  5   -938.517621753  0.779991E-01       4.289     5        0.02      4.27      0.01    0.2165E-01  0.9352E-03  0.2753E-01
|  6   -938.522134350  0.451260E-02       4.261     6        0.02      4.25      0.01    0.1590E-01  0.4711E-03  0.1465E-01
|  7   -938.523528161  0.139381E-02       4.245     7        0.02      4.23      0.01    0.6295E-02  0.2060E-03  0.5676E-02
|  8   -938.524008140  0.479979E-03       4.232     8        0.02      4.22      0.01    0.1605E-02  0.5031E-04  0.1585E-02
|  9   -938.524032237  0.240961E-04       4.198     9        0.02      4.18      0.01    0.6385E-03  0.1838E-04  0.6195E-03
| 10   -938.524034593  0.235631E-05       4.174    10        0.02      4.16      0.01    0.1594E-03  0.4801E-05  0.1792E-03
| 11   -938.524034757  0.164444E-06       4.148     1        0.02      4.13      0.01    0.8113E-04  0.2347E-05  0.7835E-04
| 12   -938.524034801  0.440623E-07       4.136     2        0.02      4.12      0.01    0.1804E-04  0.6229E-06  0.2117E-04
| ------------------------------------------------------------------------------------------------------------------------
| REACH CONVERGENCE AFTER  12 CYCLES
| MAX ERROR = 0.180355E-04   RMS CHANGE = 0.622950E-06   MAX CHANGE = 0.211744E-04
| -----------------------------------------------
 ALPHA ELECTRON DENSITY    =    75.9992248266
 BETA ELECTRON DENSITY     =    75.9992248266
 ELECTRONIC ENERGY    =  -2767.831305282
 CORE_CORE REPULSION  =   1829.307270481
 TOTAL ENERGY         =   -938.524034801

 @ End Energy calculation

  Skipping one-electron property calculation.

 @ Output Timing Information

------------- TIMING ---------------
| INITIAL GUESS TIME  =     0.511515000(  0.99%)
| DFT GRID OPERATIONS =     0.183411000(  0.35%)
| TOTAL SCF TIME      =    50.843484000( 98.28%)
|       TOTAL OP TIME      =    50.649871000( 97.91%)
|             TOTAL 1e TIME      =     0.025322000(  0.05%)
|             TOTAL 2e TIME      =     4.232536000(  8.18%)
|             TOTAL EXC TIME     =    46.357433000( 89.61%)
|       TOTAL DII TIME      =     0.192127000(  0.37%)
|             TOTAL DIAG TIME    =     0.096088000(  0.19%)
| TOTAL TIME          =    51.732961000
------------------------------------
| Job cpu time:  0 days  0 hours  0 minutes 51.7 seconds.

 @ Finish Output Timing Information

| Normal Termination. Task Finished on: Mon Jul  6 22:04:50 2026

======== FILE: ./morphine-1/morphine_6-31G*.out ========
                                         SCF ENERGY
| ------------------------------------------------------------------------------------------------------------------------
| NCYC       ENERGY         DELTA_E      SCF_TIME  DII_CYC   DII_TIME   O_TIME  DIAG_TIME    MAX_ERR    RMS_CHG    MAX_CHG
| ------------------------------------------------------------------------------------------------------------------------
|  1   -942.178111153      ------         4.244     1        0.01      4.23      0.01    0.2046E+01  0.2113E-01  0.5388E+00
|  2   -938.482888342  -.369522E+01       4.314     2        0.01      4.30      0.01    0.2778E+00  0.1625E-01  0.5434E+00
|  3   -937.728828869  -.754059E+00       4.300     3        0.02      4.28      0.01    0.4796E+00  0.9621E-02  0.3415E+00
|   ***  Level shifting applied  ( HOMO-LUMO gap =  0.062 au ) ***
|  4   -939.160740392  0.143191E+01       4.283     4        0.02      4.27      0.01    0.5262E-01  0.2742E-02  0.9848E-01
|  5   -939.202257523  0.415171E-01       4.255     5        0.02      4.24      0.01    0.2749E-01  0.7159E-03  0.2921E-01
|  6   -939.207938944  0.568142E-02       4.224     6        0.02      4.21      0.01    0.1323E-01  0.2904E-03  0.1556E-01
|  7   -939.208671356  0.732413E-03       4.199     7        0.02      4.18      0.01    0.9703E-02  0.1364E-03  0.8364E-02
|  8   -939.209009292  0.337936E-03       4.183     8        0.02      4.17      0.01    0.2108E-02  0.3757E-04  0.1735E-02
|  9   -939.209027457  0.181650E-04       4.149     9        0.02      4.13      0.01    0.6873E-03  0.1540E-04  0.5370E-03
| 10   -939.209030279  0.282150E-05       4.123    10        0.02      4.11      0.01    0.2347E-03  0.5008E-05  0.2002E-03
| 11   -939.209030564  0.285845E-06       4.095     1        0.02      4.08      0.01    0.7544E-04  0.1994E-05  0.6340E-04
| 12   -939.209030616  0.517507E-07       4.072     2        0.02      4.05      0.01    0.2296E-04  0.5497E-06  0.1831E-04
| ------------------------------------------------------------------------------------------------------------------------
| REACH CONVERGENCE AFTER  12 CYCLES
| MAX ERROR = 0.229554E-04   RMS CHANGE = 0.549706E-06   MAX CHANGE = 0.183054E-04
| -----------------------------------------------
 ALPHA ELECTRON DENSITY    =    75.9993459036
 BETA ELECTRON DENSITY     =    75.9993459036
 ELECTRONIC ENERGY    =  -2768.516301097
 CORE_CORE REPULSION  =   1829.307270481
 TOTAL ENERGY         =   -939.209030616

 @ End Energy calculation

  Skipping one-electron property calculation.

 @ Output Timing Information

------------- TIMING ---------------
| INITIAL GUESS TIME  =     0.514173000(  1.00%)
| DFT GRID OPERATIONS =     0.154735000(  0.30%)
| TOTAL SCF TIME      =    50.467964000( 98.32%)
|       TOTAL OP TIME      =    50.273824000( 97.95%)
|             TOTAL 1e TIME      =     0.027933000(  0.05%)
|             TOTAL 2e TIME      =     5.464541000( 10.65%)
|             TOTAL EXC TIME     =    44.744656000( 87.17%)
|       TOTAL DII TIME      =     0.192762000(  0.38%)
|             TOTAL DIAG TIME    =     0.096056000(  0.19%)
| TOTAL TIME          =    51.328212000
------------------------------------
| Job cpu time:  0 days  0 hours  0 minutes 51.3 seconds.

 @ Finish Output Timing Information

| Normal Termination. Task Finished on: Mon Jul  6 21:49:49 2026

======== FILE: ./morphine-1/morphine_def2-TZVPP.out ========
|  1   -943.393179389      ------        42.124     1        0.08     42.04      0.03    0.2182E+01  0.1014E-01  0.3301E+01
|  2   -938.852506729  -.454067E+01     122.331     2        0.09    122.24      0.03    0.2765E+00  0.2520E-01  0.4242E+01
|  3   -937.519838105  -.133267E+01     123.203     3        0.10    123.10      0.03    0.5398E+00  0.1710E-01  0.3415E+01
|   ***  Level shifting applied  ( HOMO-LUMO gap =  0.020 au ) ***
|  4   -939.510499845  0.199066E+01     119.671     4        0.09    119.58      0.03    0.8168E-01  0.4906E-02  0.7446E+00
|  5   -939.601488998  0.909892E-01     115.446     5        0.09    115.35      0.03    0.3629E-01  0.7526E-03  0.1026E+00
|  6   -939.612861170  0.113722E-01     105.317     6        0.09    105.22      0.03    0.1152E-01  0.5977E-03  0.2123E+00
|  7   -939.614325848  0.146468E-02     101.600     7        0.09    101.51      0.03    0.6538E-02  0.1741E-03  0.2231E-01
|  8   -939.615101075  0.775227E-03      96.043     8        0.09     95.95      0.03    0.2578E-02  0.1167E-03  0.4222E-01
|  9   -939.615130386  0.293105E-04      89.642     9        0.09     89.55      0.03    0.1219E-02  0.7672E-04  0.2394E-01
| 10   -939.615134780  0.439362E-05      85.752    10        0.09     85.66      0.03    0.2712E-03  0.3118E-04  0.1148E-01
| 11   -939.615135251  0.471414E-06      79.990     1        0.10     79.88      0.03    0.1023E-03  0.1795E-04  0.5927E-02
| 12   -939.615135333  0.823593E-07      75.350     2        0.10     75.24      0.03    0.3279E-04  0.1073E-04  0.3657E-02
| 13   -939.615135351  0.181080E-07      71.255     3        0.10     71.15      0.03    0.2247E-04  0.6220E-05  0.2080E-02
| 14   -939.615135389  0.380128E-07      67.762     4        0.10     67.66      0.03    0.2217E-04  0.2536E-05  0.8864E-03
| 15   -939.615135442  0.522859E-07      62.571     5        0.10     62.47      0.03    0.2266E-04  0.1314E-05  0.4466E-03
| 16   -939.615135483  0.411046E-07      58.946     6        0.10     58.84      0.03    0.2258E-04  0.2854E-06  0.9141E-04
| ------------------------------------------------------------------------------------------------------------------------
| REACH CONVERGENCE AFTER  16 CYCLES
| MAX ERROR = 0.225797E-04   RMS CHANGE = 0.285393E-06   MAX CHANGE = 0.914088E-04
| -----------------------------------------------
 ALPHA ELECTRON DENSITY    =    76.0014273076
 BETA ELECTRON DENSITY     =    76.0014273076
 ELECTRONIC ENERGY    =  -2768.922405963
 CORE_CORE REPULSION  =   1829.307270481
 TOTAL ENERGY         =   -939.615135483

 @ End Energy calculation

  Skipping one-electron property calculation.

 @ Output Timing Information

------------- TIMING ---------------
| INITIAL GUESS TIME  =     2.477840000(  0.17%)
| DFT GRID OPERATIONS =     0.178247000(  0.01%)
| TOTAL SCF TIME      =  1417.387898000( 99.82%)
|       TOTAL OP TIME      =  1415.822680000( 99.71%)
|             TOTAL 1e TIME      =     0.386601000(  0.03%)
|             TOTAL 2e TIME      =  1075.874738000( 75.77%)
|             TOTAL EXC TIME     =   339.067439000( 23.88%)
|       TOTAL DII TIME      =     1.538412000(  0.11%)
|             TOTAL DIAG TIME    =     0.493605000(  0.03%)
| TOTAL TIME          =  1419.969619000
------------------------------------
| Job cpu time:  0 days  0 hours 23 minutes 40.0 seconds.

 @ Finish Output Timing Information

| Normal Termination. Task Finished on: Mon Jul  6 22:28:30 2026

======== FILE: ./morphine-1/morphine_6-31G.out ========
                                         SCF ENERGY
| ------------------------------------------------------------------------------------------------------------------------
| NCYC       ENERGY         DELTA_E      SCF_TIME  DII_CYC   DII_TIME   O_TIME  DIAG_TIME    MAX_ERR    RMS_CHG    MAX_CHG
| ------------------------------------------------------------------------------------------------------------------------
|  1   -942.401017343      ------         2.122     1        0.01      2.11      0.01    0.1984E+01  0.3293E-01  0.5079E+00
|  2   -938.352714280  -.404830E+01       2.142     2        0.01      2.13      0.00    0.2749E+00  0.2598E-01  0.8531E+00
|  3   -937.706671591  -.646043E+00       2.135     3        0.01      2.13      0.00    0.4470E+00  0.1513E-01  0.5517E+00
|   ***  Level shifting applied  ( HOMO-LUMO gap =  0.075 au ) ***
|  4   -938.922404844  0.121573E+01       2.128     4        0.01      2.12      0.01    0.4914E-01  0.4105E-02  0.9752E-01
|  5   -938.957487900  0.350831E-01       2.116     5        0.01      2.11      0.01    0.2250E-01  0.1312E-02  0.2774E-01
|  6   -938.961560463  0.407256E-02       2.104     6        0.01      2.10      0.00    0.1559E-01  0.5027E-03  0.1040E-01
|  7   -938.962437136  0.876673E-03       2.092     7        0.01      2.09      0.00    0.3342E-02  0.1960E-03  0.4116E-02
|  8   -938.962607295  0.170159E-03       2.083     8        0.01      2.08      0.00    0.1484E-02  0.5602E-04  0.1364E-02
|  9   -938.962624355  0.170603E-04       2.069     9        0.01      2.06      0.00    0.4107E-03  0.1843E-04  0.5414E-03
| 10   -938.962624996  0.640330E-06       2.057    10        0.01      2.05      0.00    0.3256E-03  0.7861E-05  0.2749E-03
| 11   -938.962625360  0.363960E-06       2.048     1        0.01      2.04      0.00    0.8283E-04  0.2330E-05  0.7607E-04
| 12   -938.962625379  0.197056E-07       2.034     2        0.01      2.03      0.00    0.1803E-04  0.6913E-06  0.1392E-04
| ------------------------------------------------------------------------------------------------------------------------
| REACH CONVERGENCE AFTER  12 CYCLES
| MAX ERROR = 0.180337E-04   RMS CHANGE = 0.691297E-06   MAX CHANGE = 0.139198E-04
| -----------------------------------------------
 ALPHA ELECTRON DENSITY    =    75.9993483639
 BETA ELECTRON DENSITY     =    75.9993483639
 ELECTRONIC ENERGY    =  -2768.269895860
 CORE_CORE REPULSION  =   1829.307270481
 TOTAL ENERGY         =   -938.962625379

 @ End Energy calculation

  Skipping one-electron property calculation.

 @ Output Timing Information

------------- TIMING ---------------
| INITIAL GUESS TIME  =     0.487392000(  1.88%)
| DFT GRID OPERATIONS =     0.149762000(  0.58%)
| TOTAL SCF TIME      =    25.145056000( 96.80%)
|       TOTAL OP TIME      =    25.056081000( 96.46%)
|             TOTAL 1e TIME      =     0.015854000(  0.06%)
|             TOTAL 2e TIME      =     2.426368000(  9.34%)
|             TOTAL EXC TIME     =    22.594841000( 86.98%)
|       TOTAL DII TIME      =     0.088466000(  0.34%)
|             TOTAL DIAG TIME    =     0.059809000(  0.23%)
| TOTAL TIME          =    25.975775000
------------------------------------
| Job cpu time:  0 days  0 hours  0 minutes 26.0 seconds.

 @ Finish Output Timing Information

| Normal Termination. Task Finished on: Mon Jul  6 21:48:58 2026

======== FILE: ./morphine-1/morphine_6-31+G**.out ========
| ------------------------------------------------------------------------------------------------------------------------
|  1   -943.171881323      ------         9.269     1        0.02      9.25      0.01    0.2268E+01  0.2956E-01  0.3295E+01
|  2   -938.654867625  -.451701E+01       9.607     2        0.02      9.58      0.01    0.2411E+00  0.1190E+01  0.1207E+03
|  3   -936.281159112  -.237371E+01       9.608     3        0.03      9.58      0.01    0.4395E+00  0.1128E+01  0.1145E+03
|   ***  Level shifting applied  ( HOMO-LUMO gap =  0.008 au ) ***
|  4   -939.149909414  0.286875E+01       9.593     4        0.03      9.57      0.01    0.1060E+00  0.6326E-01  0.5718E+01
|   ***  Level shifting applied  ( HOMO-LUMO gap =  0.123 au ) ***
|  5   -939.273026946  0.123118E+00       9.543     5        0.02      9.52      0.01    0.4156E-01  0.9565E-02  0.6426E+00
|  6   -939.282927268  0.990032E-02       9.501     6        0.02      9.48      0.01    0.2088E-01  0.1445E-02  0.7343E-01
|  7   -939.285931139  0.300387E-02       9.447     7        0.02      9.42      0.01    0.1125E-01  0.7604E-03  0.4242E-01
|  8   -939.286781239  0.850100E-03       9.404     8        0.02      9.38      0.01    0.2740E-02  0.1804E-03  0.1109E-01
|  9   -939.286893257  0.112018E-03       9.341     9        0.02      9.32      0.01    0.8338E-03  0.6112E-04  0.3239E-02
| 10   -939.286903394  0.101370E-04       9.275    10        0.02      9.25      0.01    0.3918E-03  0.3114E-04  0.2735E-02
| 11   -939.286903970  0.576041E-06       9.211     1        0.03      9.19      0.01    0.2790E-03  0.7976E-05  0.5218E-03
| 12   -939.286904247  0.276790E-06       9.134     2        0.03      9.11      0.01    0.4680E-04  0.3562E-05  0.3956E-03
| 13   -939.286904253  0.586988E-08       9.064     3        0.03      9.04      0.01    0.1919E-04  0.1068E-05  0.7605E-04
| 14   -939.286904258  0.518776E-08       9.019     4        0.03      8.99      0.01    0.1887E-04  0.4753E-06  0.4352E-04
| ------------------------------------------------------------------------------------------------------------------------
| REACH CONVERGENCE AFTER  14 CYCLES
| MAX ERROR = 0.188724E-04   RMS CHANGE = 0.475296E-06   MAX CHANGE = 0.435213E-04
| -----------------------------------------------
 ALPHA ELECTRON DENSITY    =    75.9989166909
 BETA ELECTRON DENSITY     =    75.9989166909
 ELECTRONIC ENERGY    =  -2768.594174739
 CORE_CORE REPULSION  =   1829.307270481
 TOTAL ENERGY         =   -939.286904258

 @ End Energy calculation

  Skipping one-electron property calculation.

 @ Output Timing Information

------------- TIMING ---------------
| INITIAL GUESS TIME  =     0.567483000(  0.43%)
| DFT GRID OPERATIONS =     0.160228000(  0.12%)
| TOTAL SCF TIME      =   131.062104000( 99.23%)
|       TOTAL OP TIME      =   130.718107000( 98.97%)
|             TOTAL 1e TIME      =     0.045419000(  0.03%)
|             TOTAL 2e TIME      =    18.690543000( 14.15%)
|             TOTAL EXC TIME     =   111.917551000( 84.73%)
|       TOTAL DII TIME      =     0.339290000(  0.26%)
|             TOTAL DIAG TIME    =     0.151857000(  0.11%)
| TOTAL TIME          =   132.084373000
------------------------------------
| Job cpu time:  0 days  0 hours  2 minutes 12.1 seconds.

 @ Finish Output Timing Information

| Normal Termination. Task Finished on: Mon Jul  6 22:03:58 2026

======== FILE: ./morphine-1/morphine_def2-TZVPD.out ========

                                         SCF ENERGY
| ------------------------------------------------------------------------------------------------------------------------
| NCYC       ENERGY         DELTA_E      SCF_TIME  DII_CYC   DII_TIME   O_TIME  DIAG_TIME    MAX_ERR    RMS_CHG    MAX_CHG
| ------------------------------------------------------------------------------------------------------------------------
|  1   -943.551146560      ------        83.882     1        0.09     83.79      0.03    0.2128E+01  0.6450E-02  0.3017E+00
|  2   -938.989241242  -.456191E+01     242.934     2        0.09    242.84      0.03    0.1932E+00  0.1373E-01  0.2535E+01
|  3   -938.047766920  -.941474E+00     243.718     3        0.11    243.61      0.03    0.3390E+00  0.8480E-02  0.1862E+01
|   ***  Level shifting applied  ( HOMO-LUMO gap =  0.024 au ) ***
|  4   -939.538664924  0.149090E+01     238.673     4        0.09    238.58      0.03    0.6814E-01  0.3917E-02  0.6282E+00
|  5   -939.598000054  0.593351E-01     234.196     5        0.09    234.10      0.03    0.3587E-01  0.3360E-03  0.2039E-01
|  6   -939.607680851  0.968080E-02     219.390     6        0.09    219.29      0.03    0.1779E-01  0.1669E-03  0.1156E-01
|  7   -939.609912007  0.223116E-02     213.174     7        0.09    213.08      0.03    0.1013E-01  0.6242E-04  0.4816E-02
|  8   -939.610605841  0.693834E-03     204.875     8        0.10    204.78      0.03    0.2257E-02  0.1515E-04  0.1035E-02
|  9   -939.610627516  0.216752E-04     191.591     9        0.10    191.49      0.03    0.1061E-02  0.7367E-05  0.5603E-03
| 10   -939.610633153  0.563680E-05     182.169    10        0.10    182.07      0.03    0.4032E-03  0.2722E-05  0.1704E-03
| 11   -939.610633881  0.728175E-06     170.786     1        0.11    170.68      0.03    0.1003E-03  0.9460E-06  0.4929E-04
| ------------------------------------------------------------------------------------------------------------------------
| REACH CONVERGENCE AFTER  11 CYCLES
| MAX ERROR = 0.100337E-03   RMS CHANGE = 0.945954E-06   MAX CHANGE = 0.492944E-04
| -----------------------------------------------
 ALPHA ELECTRON DENSITY    =    75.9989856041
 BETA ELECTRON DENSITY     =    75.9989856041
 ELECTRONIC ENERGY    =  -2768.917904361
 CORE_CORE REPULSION  =   1829.307270481
 TOTAL ENERGY         =   -939.610633881

 @ End Energy calculation

  Skipping one-electron property calculation.

 @ Output Timing Information

------------- TIMING ---------------
| INITIAL GUESS TIME  =     3.516109000(  0.16%)
| DFT GRID OPERATIONS =     0.188381000(  0.01%)
| TOTAL SCF TIME      =  2225.887238000( 99.84%)
|       TOTAL OP TIME      =  2224.811105000( 99.79%)
|             TOTAL 1e TIME      =     0.497911000(  0.02%)
|             TOTAL 2e TIME      =  1760.630186000( 78.97%)
|             TOTAL EXC TIME     =   463.105506000( 20.77%)
|       TOTAL DII TIME      =     1.055763000(  0.05%)
|             TOTAL DIAG TIME    =     0.338237000(  0.02%)
| TOTAL TIME          =  2229.411818000
------------------------------------
| Job cpu time:  0 days  0 hours 37 minutes  9.4 seconds.

 @ Finish Output Timing Information

| Normal Termination. Task Finished on: Mon Jul  6 23:05:40 2026

======== FILE: ./morphine-1/morphine_3-21G.out ========
                                         SCF ENERGY
| ------------------------------------------------------------------------------------------------------------------------
| NCYC       ENERGY         DELTA_E      SCF_TIME  DII_CYC   DII_TIME   O_TIME  DIAG_TIME    MAX_ERR    RMS_CHG    MAX_CHG
| ------------------------------------------------------------------------------------------------------------------------
|  1   -937.732965979      ------         1.469     1        0.01      1.46      0.01    0.2009E+01  0.3339E-01  0.5745E+00
|  2   -933.587789666  -.414518E+01       1.461     2        0.01      1.45      0.01    0.1715E+00  0.1838E-01  0.6452E+00
|  3   -933.183978467  -.403811E+00       1.459     3        0.01      1.45      0.00    0.2621E+00  0.1156E-01  0.4001E+00
|   ***  Level shifting applied  ( HOMO-LUMO gap =  0.105 au ) ***
|  4   -934.028419244  0.844441E+00       1.457     4        0.01      1.45      0.00    0.6224E-01  0.3090E-02  0.8348E-01
|  5   -934.048204155  0.197849E-01       1.452     5        0.01      1.44      0.01    0.3273E-01  0.1134E-02  0.3434E-01
|  6   -934.052487545  0.428339E-02       1.449     6        0.01      1.44      0.01    0.1718E-01  0.4886E-03  0.1666E-01
|  7   -934.053840124  0.135258E-02       1.446     7        0.01      1.44      0.01    0.7030E-02  0.1613E-03  0.5778E-02
|  8   -934.053972308  0.132184E-03       1.442     8        0.01      1.43      0.01    0.1913E-02  0.5725E-04  0.1800E-02
|  9   -934.053994085  0.217766E-04       1.439     9        0.01      1.43      0.01    0.3630E-03  0.1448E-04  0.4190E-03
| 10   -934.053994967  0.882310E-06       1.433    10        0.01      1.43      0.01    0.1531E-03  0.5183E-05  0.2938E-03
| 11   -934.053995139  0.171683E-06       1.429     1        0.01      1.42      0.01    0.4016E-04  0.1877E-05  0.7929E-04
| 12   -934.053995149  0.100858E-07       1.425     2        0.01      1.42      0.01    0.9416E-05  0.6482E-06  0.1420E-04
| ------------------------------------------------------------------------------------------------------------------------
| REACH CONVERGENCE AFTER  12 CYCLES
| MAX ERROR = 0.941632E-05   RMS CHANGE = 0.648222E-06   MAX CHANGE = 0.141997E-04
| -----------------------------------------------
 ALPHA ELECTRON DENSITY    =    75.9994413353
 BETA ELECTRON DENSITY     =    75.9994413353
 ELECTRONIC ENERGY    =  -2763.361265630
 CORE_CORE REPULSION  =   1829.307270481
 TOTAL ENERGY         =   -934.053995149

 @ End Energy calculation

  Skipping one-electron property calculation.

 @ Output Timing Information

------------- TIMING ---------------
| INITIAL GUESS TIME  =     0.502672000(  2.74%)
| DFT GRID OPERATIONS =     0.148645000(  0.81%)
| TOTAL SCF TIME      =    17.379799000( 94.82%)
|       TOTAL OP TIME      =    17.291034000( 94.34%)
|             TOTAL 1e TIME      =     0.020177000(  0.11%)
|             TOTAL 2e TIME      =     0.814638000(  4.44%)
|             TOTAL EXC TIME     =    16.432729000( 89.66%)
|       TOTAL DII TIME      =     0.088233000(  0.48%)
|             TOTAL DIAG TIME    =     0.060576000(  0.33%)
| TOTAL TIME          =    18.328512000
------------------------------------
| Job cpu time:  0 days  0 hours  0 minutes 18.3 seconds.

 @ Finish Output Timing Information

| Normal Termination. Task Finished on: Mon Jul  6 21:48:32 2026

======== FILE: ./morphine-1/morphine_def2-SVP.out ========
                                         SCF ENERGY
| ------------------------------------------------------------------------------------------------------------------------
| NCYC       ENERGY         DELTA_E      SCF_TIME  DII_CYC   DII_TIME   O_TIME  DIAG_TIME    MAX_ERR    RMS_CHG    MAX_CHG
| ------------------------------------------------------------------------------------------------------------------------
|  1   -942.504262847      ------         4.432     1        0.02      4.41      0.01    0.2218E+01  0.2279E-01  0.6696E+00
|  2   -937.859766065  -.464450E+01       4.643     2        0.02      4.63      0.01    0.3093E+00  0.1839E-01  0.9381E+00
|  3   -936.853970486  -.100580E+01       4.634     3        0.02      4.61      0.01    0.5449E+00  0.1078E-01  0.5724E+00
|   ***  Level shifting applied  ( HOMO-LUMO gap =  0.020 au ) ***
|  4   -938.485732475  0.163176E+01       4.623     4        0.02      4.60      0.01    0.6763E-01  0.3938E-02  0.1498E+00
|  5   -938.564018554  0.782861E-01       4.602     5        0.02      4.58      0.01    0.2198E-01  0.7703E-03  0.2727E-01
|  6   -938.568777125  0.475857E-02       4.561     6        0.02      4.54      0.01    0.1507E-01  0.3931E-03  0.1470E-01
|  7   -938.570083752  0.130663E-02       4.533     7        0.02      4.51      0.01    0.6312E-02  0.1793E-03  0.6236E-02
|  8   -938.570581828  0.498076E-03       4.514     8        0.02      4.50      0.01    0.1624E-02  0.4253E-04  0.1464E-02
|  9   -938.570604880  0.230527E-04       4.474     9        0.02      4.46      0.01    0.7086E-03  0.1589E-04  0.7297E-03
| 10   -938.570607427  0.254669E-05       4.446    10        0.02      4.43      0.01    0.1773E-03  0.4349E-05  0.1924E-03
| 11   -938.570607613  0.185801E-06       4.414     1        0.02      4.39      0.01    0.7778E-04  0.2088E-05  0.8125E-04
| 12   -938.570607665  0.517412E-07       4.400     2        0.02      4.38      0.01    0.1772E-04  0.5655E-06  0.2136E-04
| ------------------------------------------------------------------------------------------------------------------------
| REACH CONVERGENCE AFTER  12 CYCLES
| MAX ERROR = 0.177228E-04   RMS CHANGE = 0.565504E-06   MAX CHANGE = 0.213576E-04
| -----------------------------------------------
 ALPHA ELECTRON DENSITY    =    75.9992301924
 BETA ELECTRON DENSITY     =    75.9992301924
 ELECTRONIC ENERGY    =  -2767.877878145
 CORE_CORE REPULSION  =   1829.307270481
 TOTAL ENERGY         =   -938.570607665

 @ End Energy calculation

  Skipping one-electron property calculation.

 @ Output Timing Information

------------- TIMING ---------------
| INITIAL GUESS TIME  =     0.520268000(  0.94%)
| DFT GRID OPERATIONS =     0.154498000(  0.28%)
| TOTAL SCF TIME      =    54.304452000( 98.43%)
|       TOTAL OP TIME      =    54.079854000( 98.02%)
|             TOTAL 1e TIME      =     0.029914000(  0.05%)
|             TOTAL 2e TIME      =     5.198780000(  9.42%)
|             TOTAL EXC TIME     =    48.809019000( 88.47%)
|       TOTAL DII TIME      =     0.222560000(  0.40%)
|             TOTAL DIAG TIME    =     0.112795000(  0.20%)
| TOTAL TIME          =    55.172872000
------------------------------------
| Job cpu time:  0 days  0 hours  0 minutes 55.2 seconds.

 @ Finish Output Timing Information

| Normal Termination. Task Finished on: Mon Jul  6 21:51:39 2026

======== FILE: ./morphine-1/morphine_6-31G**.out ========
                                         SCF ENERGY
| ------------------------------------------------------------------------------------------------------------------------
| NCYC       ENERGY         DELTA_E      SCF_TIME  DII_CYC   DII_TIME   O_TIME  DIAG_TIME    MAX_ERR    RMS_CHG    MAX_CHG
| ------------------------------------------------------------------------------------------------------------------------
|  1   -942.178111153      ------         4.500     1        0.02      4.48      0.01    0.2046E+01  0.1817E-01  0.5361E+00
|  2   -938.515398773  -.366271E+01       4.613     2        0.02      4.60      0.01    0.2758E+00  0.1376E-01  0.5460E+00
|  3   -937.759654211  -.755745E+00       4.594     3        0.02      4.57      0.01    0.4786E+00  0.8102E-02  0.3307E+00
|   ***  Level shifting applied  ( HOMO-LUMO gap =  0.063 au ) ***
|  4   -939.195889068  0.143623E+01       4.579     4        0.02      4.56      0.01    0.5202E-01  0.2332E-02  0.9985E-01
|  5   -939.237087436  0.411984E-01       4.545     5        0.02      4.53      0.01    0.2790E-01  0.6117E-03  0.2962E-01
|  6   -939.242997731  0.591030E-02       4.507     6        0.02      4.49      0.01    0.1337E-01  0.2500E-03  0.1579E-01
|  7   -939.243725890  0.728159E-03       4.469     7        0.02      4.45      0.01    0.1005E-01  0.1185E-03  0.8562E-02
|  8   -939.244079272  0.353382E-03       4.450     8        0.02      4.43      0.01    0.2089E-02  0.3263E-04  0.1730E-02
|  9   -939.244097204  0.179318E-04       4.406     9        0.02      4.39      0.01    0.7304E-03  0.1348E-04  0.5659E-03
| 10   -939.244100216  0.301179E-05       4.371    10        0.02      4.35      0.01    0.2423E-03  0.4446E-05  0.2129E-03
| 11   -939.244100515  0.298955E-06       4.336     1        0.02      4.32      0.01    0.8195E-04  0.1822E-05  0.7304E-04
| 12   -939.244100574  0.597488E-07       4.304     2        0.02      4.28      0.01    0.2530E-04  0.5206E-06  0.2056E-04
| ------------------------------------------------------------------------------------------------------------------------
| REACH CONVERGENCE AFTER  12 CYCLES
| MAX ERROR = 0.252999E-04   RMS CHANGE = 0.520617E-06   MAX CHANGE = 0.205590E-04
| -----------------------------------------------
 ALPHA ELECTRON DENSITY    =    75.9993482965
 BETA ELECTRON DENSITY     =    75.9993482965
 ELECTRONIC ENERGY    =  -2768.551371055
 CORE_CORE REPULSION  =   1829.307270481
 TOTAL ENERGY         =   -939.244100574

 @ End Energy calculation

  Skipping one-electron property calculation.

 @ Output Timing Information

------------- TIMING ---------------
| INITIAL GUESS TIME  =     0.523318000(  0.96%)
| DFT GRID OPERATIONS =     0.155453000(  0.28%)
| TOTAL SCF TIME      =    53.707755000( 98.40%)
|       TOTAL OP TIME      =    53.481181000( 97.99%)
|             TOTAL 1e TIME      =     0.031761000(  0.06%)
|             TOTAL 2e TIME      =     6.720373000( 12.31%)
|             TOTAL EXC TIME     =    46.685987000( 85.54%)
|       TOTAL DII TIME      =     0.224589000(  0.41%)
|             TOTAL DIAG TIME    =     0.112899000(  0.21%)
| TOTAL TIME          =    54.578758000
------------------------------------
| Job cpu time:  0 days  0 hours  0 minutes 54.6 seconds.

 @ Finish Output Timing Information

| Normal Termination. Task Finished on: Mon Jul  6 21:50:44 2026

======== FILE: ./morphine-1/morphine_def2-TZVP.out ========
|  1   -943.393510219      ------        35.419     1        0.06     35.36      0.02    0.2182E+01  0.1206E-01  0.2693E+01
|  2   -938.845705326  -.454780E+01      89.512     2        0.06     89.45      0.02    0.2764E+00  0.2977E-01  0.4030E+01
|  3   -937.525189019  -.132052E+01      89.761     3        0.07     89.69      0.02    0.5369E+00  0.1885E-01  0.3047E+01
|   ***  Level shifting applied  ( HOMO-LUMO gap =  0.020 au ) ***
|  4   -939.502434369  0.197725E+01      87.509     4        0.06     87.45      0.02    0.8112E-01  0.5673E-02  0.7530E+00
|  5   -939.592702987  0.902686E-01      84.816     5        0.06     84.75      0.02    0.3602E-01  0.1134E-02  0.1410E+00
|  6   -939.603924732  0.112217E-01      78.467     6        0.06     78.40      0.02    0.1153E-01  0.8265E-03  0.1932E+00
|  7   -939.605394412  0.146968E-02      75.678     7        0.06     75.61      0.02    0.6471E-02  0.3130E-03  0.4052E-01
|  8   -939.606160753  0.766341E-03      72.538     8        0.06     72.47      0.02    0.2565E-02  0.1808E-03  0.4214E-01
|  9   -939.606189785  0.290318E-04      68.261     9        0.07     68.20      0.02    0.1206E-02  0.1400E-03  0.2673E-01
| 10   -939.606194077  0.429176E-05      65.694    10        0.07     65.63      0.02    0.2687E-03  0.5927E-04  0.1307E-01
| 11   -939.606194534  0.457245E-06      62.143     1        0.07     62.07      0.02    0.1035E-03  0.3758E-04  0.7464E-02
| 12   -939.606194607  0.732812E-07      59.327     2        0.07     59.25      0.02    0.3392E-04  0.2266E-04  0.4697E-02
| 13   -939.606194603  -.367390E-08      56.607     3        0.07     56.53      0.02    0.2428E-04  0.1364E-04  0.2772E-02
| 14   -939.606194605  0.152204E-08      54.115     4        0.07     54.04      0.02    0.1324E-04  0.6166E-05  0.1283E-02
| 15   -939.606194599  -.637374E-08      50.927     5        0.07     50.85      0.02    0.1344E-04  0.2592E-05  0.5267E-03
| 16   -939.606194566  -.330529E-07      47.787     6        0.07     47.71      0.02    0.1327E-04  0.3913E-06  0.7542E-04
| ------------------------------------------------------------------------------------------------------------------------
| REACH CONVERGENCE AFTER  16 CYCLES
| MAX ERROR = 0.132740E-04   RMS CHANGE = 0.391304E-06   MAX CHANGE = 0.754201E-04
| -----------------------------------------------
 ALPHA ELECTRON DENSITY    =    76.0013061624
 BETA ELECTRON DENSITY     =    76.0013061624
 ELECTRONIC ENERGY    =  -2768.913465046
 CORE_CORE REPULSION  =   1829.307270481
 TOTAL ENERGY         =   -939.606194566

 @ End Energy calculation

  Skipping one-electron property calculation.

 @ Output Timing Information

------------- TIMING ---------------
| INITIAL GUESS TIME  =     1.998794000(  0.18%)
| DFT GRID OPERATIONS =     0.180945000(  0.02%)
| TOTAL SCF TIME      =  1078.875913000( 99.80%)
|       TOTAL OP TIME      =  1077.798096000( 99.70%)
|             TOTAL 1e TIME      =     0.317090000(  0.03%)
|             TOTAL 2e TIME      =   774.484264000( 71.64%)
|             TOTAL EXC TIME     =   302.608600000( 27.99%)
|       TOTAL DII TIME      =     1.060462000(  0.10%)
|             TOTAL DIAG TIME    =     0.364886000(  0.03%)
| TOTAL TIME          =  1081.085181000
------------------------------------
| Job cpu time:  0 days  0 hours 18 minutes  1.1 seconds.

 @ Finish Output Timing Information

| Normal Termination. Task Finished on: Mon Jul  6 17:40:08 2026

======== FILE: ./taxol-1/taxol_def2-TZVP.out ========
|  2  -2925.420695509  -.140420E+02     705.208     2        0.66    704.54      0.17    0.3513E+00  0.1111E-01  0.5504E+01
|  3  -2919.416530114  -.600417E+01     715.693     3        0.82    714.86      0.17    0.9800E+00  0.7105E-02  0.3478E+01
|   ***  Level shifting applied  ( HOMO-LUMO gap =  0.012 au ) ***
|  4  -2926.541856361  0.712533E+01     689.498     4        0.83    688.66      0.17    0.4094E+00  0.2205E-02  0.1038E+01
|   ***  Level shifting applied  ( HOMO-LUMO gap =  0.013 au ) ***
|  5  -2927.271406423  0.729550E+00     637.846     5        0.69    637.15      0.17    0.8060E-01  0.1075E-02  0.3746E+00
|  6  -2927.316631056  0.452246E-01     619.808     6        0.85    618.95      0.17    0.1157E+00  0.2611E-03  0.9883E-01
|   ***  Level shifting applied  ( HOMO-LUMO gap =  0.108 au ) ***
|  7  -2927.355138593  0.385075E-01     555.435     7        0.70    554.73      0.17    0.1982E-01  0.1608E-03  0.5944E-01
|  8  -2927.356911260  0.177267E-02     527.712     8        0.70    527.00      0.17    0.1815E-01  0.7110E-04  0.1745E-01
|  9  -2927.358631217  0.171996E-02     490.838     9        0.71    490.11      0.17    0.7829E-02  0.2413E-04  0.7149E-02
| 10  -2927.358890235  0.259018E-03     443.862    10        0.72    443.13      0.17    0.2088E-02  0.8253E-05  0.1719E-02
| 11  -2927.358936111  0.458751E-04     401.774     1        0.78    400.98      0.17    0.7583E-03  0.3621E-05  0.7806E-03
| 12  -2927.358941562  0.545125E-05     358.870     2        0.78    358.07      0.17    0.3184E-03  0.1410E-05  0.4831E-03
| 13  -2927.358942192  0.630333E-06     319.021     3        0.78    318.22      0.17    0.1271E-03  0.6259E-06  0.1139E-03
| 14  -2927.358942417  0.224427E-06     285.544     4        0.78    284.75      0.17    0.7203E-04  0.2876E-06  0.1010E-03
| 15  -2927.358942523  0.105945E-06     252.800     5        0.78    252.00      0.17    0.3837E-04  0.2859E-06  0.5856E-04
| ------------------------------------------------------------------------------------------------------------------------
| REACH CONVERGENCE AFTER  15 CYCLES
| MAX ERROR = 0.383735E-04   RMS CHANGE = 0.285899E-06   MAX CHANGE = 0.585633E-04
| -----------------------------------------------
 ALPHA ELECTRON DENSITY    =   223.0013940299
 BETA ELECTRON DENSITY     =   223.0013940299
 ELECTRONIC ENERGY    = -12594.428817846
 CORE_CORE REPULSION  =   9667.069875324
 TOTAL ENERGY         =  -2927.358942523

 @ End Energy calculation

  Skipping one-electron property calculation.

 @ Output Timing Information

------------- TIMING ---------------
| INITIAL GUESS TIME  =    40.814291000(  0.57%)
| DFT GRID OPERATIONS =     1.184440000(  0.02%)
| TOTAL SCF TIME      =  7138.541484000( 99.44%)
|       TOTAL OP TIME      =  7127.126003000( 99.28%)
|             TOTAL 1e TIME      =     2.443817000(  0.03%)
|             TOTAL 2e TIME      =  6550.178692000( 91.24%)
|             TOTAL EXC TIME     =   571.343950000(  7.96%)
|       TOTAL DII TIME      =    11.241276000(  0.16%)
|             TOTAL DIAG TIME    =     2.516579000(  0.04%)
| TOTAL TIME          =  7178.948924000
------------------------------------
| Job cpu time:  0 days  1 hours 59 minutes 38.9 seconds.

 @ Finish Output Timing Information

| Normal Termination. Task Finished on: Tue Jul  7 08:54:01 2026

======== FILE: ./taxol-1/taxol_6-31G*.out ========
| ------------------------------------------------------------------------------------------------------------------------
|  1  -2937.922603729      ------        10.169     1        0.08     10.09      0.03    0.2311E+01  0.1225E-01  0.6381E+00
|  2  -2924.358051282  -.135646E+02      11.547     2        0.08     11.46      0.03    0.2756E+00  0.7925E-02  0.6420E+00
|  3  -2918.316516978  -.604153E+01      11.392     3        0.10     11.29      0.03    0.6888E+00  0.4981E-02  0.6710E+00
|   ***  Level shifting applied  ( HOMO-LUMO gap =  0.017 au ) ***
|  4  -2925.462134713  0.714562E+01      11.239     4        0.10     11.14      0.03    0.3174E+00  0.1669E-02  0.1822E+00
|   ***  Level shifting applied  ( HOMO-LUMO gap =  0.018 au ) ***
|  5  -2926.043159623  0.581025E+00      10.928     5        0.09     10.84      0.03    0.4432E-01  0.9666E-03  0.6236E-01
|  6  -2926.061453683  0.182941E-01      10.809     6        0.10     10.70      0.03    0.1087E+00  0.3614E-03  0.6219E-01
|   ***  Level shifting applied  ( HOMO-LUMO gap =  0.097 au ) ***
|  7  -2926.094043591  0.325899E-01      10.473     7        0.09     10.38      0.03    0.1331E-01  0.1473E-03  0.1143E-01
|  8  -2926.095067363  0.102377E-02      10.268     8        0.09     10.17      0.03    0.9654E-02  0.7341E-04  0.7947E-02
|  9  -2926.095752269  0.684906E-03      10.091     9        0.09      9.99      0.03    0.4012E-02  0.2983E-04  0.3181E-02
| 10  -2926.095852665  0.100396E-03       9.850    10        0.10      9.75      0.03    0.8073E-03  0.1157E-04  0.1005E-02
| 11  -2926.095867271  0.146056E-04       9.611     1        0.10      9.50      0.03    0.5196E-03  0.4148E-05  0.4381E-03
| 12  -2926.095869705  0.243359E-05       9.369     2        0.10      9.26      0.03    0.2176E-03  0.1650E-05  0.2380E-03
| 13  -2926.095869929  0.224634E-06       9.179     3        0.10      9.07      0.03    0.1298E-03  0.7749E-06  0.9833E-04
| ------------------------------------------------------------------------------------------------------------------------
| REACH CONVERGENCE AFTER  13 CYCLES
| MAX ERROR = 0.129829E-03   RMS CHANGE = 0.774885E-06   MAX CHANGE = 0.983264E-04
| -----------------------------------------------
 ALPHA ELECTRON DENSITY    =   223.0009275672
 BETA ELECTRON DENSITY     =   223.0009275672
 ELECTRONIC ENERGY    = -12593.165745253
 CORE_CORE REPULSION  =   9667.069875324
 TOTAL ENERGY         =  -2926.095869929

 @ End Energy calculation

  Skipping one-electron property calculation.

 @ Output Timing Information

------------- TIMING ---------------
| INITIAL GUESS TIME  =     1.181145000(  0.86%)
| DFT GRID OPERATIONS =     1.098575000(  0.80%)
| TOTAL SCF TIME      =   135.052353000( 98.19%)
|       TOTAL OP TIME      =   133.788981000( 97.28%)
|             TOTAL 1e TIME      =     0.127398000(  0.09%)
|             TOTAL 2e TIME      =    44.303778000( 32.21%)
|             TOTAL EXC TIME     =    89.149517000( 64.82%)
|       TOTAL DII TIME      =     1.242129000(  0.90%)
|             TOTAL DIAG TIME    =     0.376737000(  0.27%)
| TOTAL TIME          =   137.535563000
------------------------------------
| Job cpu time:  0 days  0 hours  2 minutes 17.5 seconds.

 @ Finish Output Timing Information

| Normal Termination. Task Finished on: Tue Jul  7 06:34:14 2026

======== FILE: ./taxol-1/taxol_def2-SV(P).out ========
| ------------------------------------------------------------------------------------------------------------------------
|  1  -2936.213498227      ------         9.584     1        0.08      9.50      0.03    0.2434E+01  0.1579E-01  0.7575E+00
|  2  -2922.197615157  -.140159E+02      11.616     2        0.08     11.53      0.03    0.2317E+00  0.9739E-02  0.8069E+00
|  3  -2917.657168686  -.454045E+01      11.505     3        0.10     11.40      0.03    0.8784E+00  0.5859E-02  0.7614E+00
|   ***  Level shifting applied  ( HOMO-LUMO gap =  0.004 au ) ***
|  4  -2923.175361645  0.551819E+01      11.351     4        0.10     11.25      0.03    0.4038E+00  0.2138E-02  0.1944E+00
|   ***  Level shifting applied  ( HOMO-LUMO gap =  0.007 au ) ***
|  5  -2923.862430570  0.687069E+00      11.095     5        0.09     11.01      0.03    0.8806E-01  0.1418E-02  0.1008E+00
|  6  -2923.929433868  0.670033E-01      11.015     6        0.09     10.92      0.03    0.9185E-01  0.6066E-03  0.8874E-01
|  7  -2923.951958363  0.225245E-01      10.767     7        0.09     10.67      0.03    0.3538E-01  0.2828E-03  0.3030E-01
|  8  -2923.958123293  0.616493E-02      10.620     8        0.09     10.53      0.03    0.1003E-01  0.1114E-03  0.7330E-02
|  9  -2923.959368103  0.124481E-02      10.401     9        0.09     10.31      0.03    0.3989E-02  0.3563E-04  0.4163E-02
| 10  -2923.959486476  0.118373E-03      10.124    10        0.10     10.03      0.03    0.2415E-02  0.1433E-04  0.2082E-02
| 11  -2923.959507759  0.212836E-04       9.920     1        0.10      9.82      0.03    0.7998E-03  0.6092E-05  0.6470E-03
| 12  -2923.959511486  0.372675E-05       9.765     2        0.10      9.66      0.03    0.1726E-03  0.2290E-05  0.1766E-03
| 13  -2923.959511907  0.421041E-06       9.578     3        0.10      9.47      0.03    0.8547E-04  0.8876E-06  0.1064E-03
| 14  -2923.959511984  0.764066E-07       9.415     4        0.10      9.31      0.03    0.4178E-04  0.3352E-06  0.4009E-04
| ------------------------------------------------------------------------------------------------------------------------
| REACH CONVERGENCE AFTER  14 CYCLES
| MAX ERROR = 0.417804E-04   RMS CHANGE = 0.335212E-06   MAX CHANGE = 0.400868E-04
| -----------------------------------------------
 ALPHA ELECTRON DENSITY    =   223.0008243449
 BETA ELECTRON DENSITY     =   223.0008243449
 ELECTRONIC ENERGY    = -12591.029387307
 CORE_CORE REPULSION  =   9667.069875324
 TOTAL ENERGY         =  -2923.959511984

 @ End Energy calculation

  Skipping one-electron property calculation.

 @ Output Timing Information

------------- TIMING ---------------
| INITIAL GUESS TIME  =     1.168607000(  0.78%)
| DFT GRID OPERATIONS =     1.096586000(  0.73%)
| TOTAL SCF TIME      =   146.874274000( 98.35%)
|       TOTAL OP TIME      =   145.523706000( 97.44%)
|             TOTAL 1e TIME      =     0.117700000(  0.08%)
|             TOTAL 2e TIME      =    38.304666000( 25.65%)
|             TOTAL EXC TIME     =   106.890300000( 71.57%)
|       TOTAL DII TIME      =     1.328503000(  0.89%)
|             TOTAL DIAG TIME    =     0.404295000(  0.27%)
| TOTAL TIME          =   149.341063000
------------------------------------
| Job cpu time:  0 days  0 hours  2 minutes 29.3 seconds.

 @ Finish Output Timing Information

| Normal Termination. Task Finished on: Tue Jul  7 06:51:29 2026

======== FILE: ./taxol-1/taxol_3-21G.out ========
|   ***  Level shifting applied  ( HOMO-LUMO gap =  0.006 au ) ***
|  4  -2906.532380363  0.106878E+02       3.546     4        0.04      3.50      0.02    0.5490E+00  0.5532E-02  0.4501E+00
|   ***  Level shifting applied  ( HOMO-LUMO gap =  0.047 au ) ***
|  5  -2909.781312754  0.324893E+01       3.514     5        0.04      3.47      0.02    0.2220E+00  0.2781E-02  0.1640E+00
|   ***  Level shifting applied  ( HOMO-LUMO gap =  0.190 au ) ***
|  6  -2909.957141181  0.175828E+00       3.502     6        0.04      3.46      0.02    0.1894E+00  0.1166E-02  0.9974E-01
|   ***  Level shifting applied  ( HOMO-LUMO gap =  0.110 au ) ***
|  7  -2910.032783830  0.756426E-01       3.454     7        0.04      3.42      0.02    0.5108E-01  0.5877E-03  0.2625E-01
|  8  -2910.045605886  0.128221E-01       3.430     8        0.04      3.39      0.02    0.2205E-01  0.2992E-03  0.1755E-01
|  9  -2910.048908507  0.330262E-02       3.401     9        0.04      3.36      0.02    0.9867E-02  0.1332E-03  0.1246E-01
| 10  -2910.049569768  0.661261E-03       3.372    10        0.04      3.33      0.02    0.4952E-02  0.5740E-04  0.6743E-02
| 11  -2910.049719279  0.149512E-03       3.341     1        0.04      3.30      0.02    0.2952E-02  0.2548E-04  0.1915E-02
| 12  -2910.049745441  0.261615E-04       3.313     2        0.04      3.27      0.02    0.1347E-02  0.1626E-04  0.1634E-02
| 13  -2910.049755059  0.961764E-05       3.289     3        0.04      3.25      0.02    0.9181E-03  0.7902E-05  0.8435E-03
| 14  -2910.049757780  0.272144E-05       3.262     4        0.04      3.22      0.02    0.2100E-03  0.3134E-05  0.2322E-03
| 15  -2910.049758068  0.287449E-06       3.234     5        0.04      3.19      0.02    0.7392E-04  0.1179E-05  0.1153E-03
| 16  -2910.049758134  0.660893E-07       3.206     6        0.04      3.16      0.02    0.4582E-04  0.4819E-06  0.3163E-04
| ------------------------------------------------------------------------------------------------------------------------
| REACH CONVERGENCE AFTER  16 CYCLES
| MAX ERROR = 0.458155E-04   RMS CHANGE = 0.481891E-06   MAX CHANGE = 0.316328E-04
| -----------------------------------------------
 ALPHA ELECTRON DENSITY    =   223.0005613527
 BETA ELECTRON DENSITY     =   223.0005613527
 ELECTRONIC ENERGY    = -12577.119633457
 CORE_CORE REPULSION  =   9667.069875324
 TOTAL ENERGY         =  -2910.049758134

 @ End Energy calculation

  Skipping one-electron property calculation.

 @ Output Timing Information

------------- TIMING ---------------
| INITIAL GUESS TIME  =     0.735366000(  1.30%)
| DFT GRID OPERATIONS =     1.071582000(  1.89%)
| TOTAL SCF TIME      =    54.462660000( 96.22%)
|       TOTAL OP TIME      =    53.814173000( 95.07%)
|             TOTAL 1e TIME      =     0.042293000(  0.07%)
|             TOTAL 2e TIME      =     8.640242000( 15.26%)
|             TOTAL EXC TIME     =    45.051326000( 79.59%)
|       TOTAL DII TIME      =     0.639247000(  1.13%)
|             TOTAL DIAG TIME    =     0.254338000(  0.45%)
| TOTAL TIME          =    56.604107000
------------------------------------
| Job cpu time:  0 days  0 hours  0 minutes 56.6 seconds.

 @ Finish Output Timing Information

| Normal Termination. Task Finished on: Tue Jul  7 06:30:35 2026

======== FILE: ./taxol-1/taxol_6-31+G**.out ========
| ------------------------------------------------------------------------------------------------------------------------
|  1  -2936.353768270      ------        46.765     1        0.16     46.60      0.05    0.2237E+01  0.1671E-01  0.2473E+01
|  2  -2924.217718430  -.121360E+02      58.293     2        0.16     58.13      0.05    0.2777E+00  0.2846E-01  0.1123E+02
|  3  -2919.253801583  -.496392E+01      58.231     3        0.20     58.03      0.05    0.5583E+00  0.1898E-01  0.6874E+01
|   ***  Level shifting applied  ( HOMO-LUMO gap =  0.002 au ) ***
|  4  -2925.760748324  0.650695E+01      57.634     4        0.20     57.43      0.05    0.1456E+00  0.7412E-02  0.3093E+01
|   ***  Level shifting applied  ( HOMO-LUMO gap =  0.098 au ) ***
|  5  -2926.289620553  0.528872E+00      56.479     5        0.17     56.30      0.05    0.3567E-01  0.1757E-02  0.5402E+00
|  6  -2926.289539770  -.807827E-04      55.001     6        0.17     54.82      0.05    0.5959E-01  0.6089E-03  0.7474E-01
|  7  -2926.308645682  0.191059E-01      53.595     7        0.18     53.42      0.05    0.2128E-01  0.2203E-03  0.1842E-01
|  8  -2926.311355057  0.270937E-02      52.214     8        0.18     52.03      0.05    0.8557E-02  0.1073E-03  0.1498E-01
|  9  -2926.312032335  0.677278E-03      51.163     9        0.18     50.98      0.05    0.2076E-02  0.3776E-04  0.2539E-02
| 10  -2926.312093179  0.608440E-04      49.751    10        0.19     49.56      0.05    0.1036E-02  0.1588E-04  0.2662E-02
| 11  -2926.312100020  0.684091E-05      48.442     1        0.20     48.23      0.05    0.6531E-03  0.6124E-05  0.6476E-03
| 12  -2926.312103114  0.309416E-05      47.182     2        0.20     46.98      0.05    0.1253E-03  0.2294E-05  0.2560E-03
| 13  -2926.312103264  0.150108E-06      45.929     3        0.20     45.72      0.05    0.8613E-04  0.1035E-05  0.9693E-04
| 14  -2926.312103324  0.603777E-07      44.954     4        0.20     44.75      0.05    0.3487E-04  0.4230E-06  0.3764E-04
| ------------------------------------------------------------------------------------------------------------------------
| REACH CONVERGENCE AFTER  14 CYCLES
| MAX ERROR = 0.348719E-04   RMS CHANGE = 0.422980E-06   MAX CHANGE = 0.376420E-04
| -----------------------------------------------
 ALPHA ELECTRON DENSITY    =   223.0011055533
 BETA ELECTRON DENSITY     =   223.0011055533
 ELECTRONIC ENERGY    = -12593.381978648
 CORE_CORE REPULSION  =   9667.069875324
 TOTAL ENERGY         =  -2926.312103324

 @ End Energy calculation

  Skipping one-electron property calculation.

 @ Output Timing Information

------------- TIMING ---------------
| INITIAL GUESS TIME  =     2.040654000(  0.28%)
| DFT GRID OPERATIONS =     1.138460000(  0.16%)
| TOTAL SCF TIME      =   725.902568000( 99.54%)
|       TOTAL OP TIME      =   723.249141000( 99.18%)
|             TOTAL 1e TIME      =     0.268244000(  0.04%)
|             TOTAL 2e TIME      =   272.458283000( 37.36%)
|             TOTAL EXC TIME     =   450.067575000( 61.72%)
|       TOTAL DII TIME      =     2.613508000(  0.36%)
|             TOTAL DIAG TIME    =     0.699628000(  0.10%)
| TOTAL TIME          =   729.224539000
------------------------------------
| Job cpu time:  0 days  0 hours 12 minutes  9.2 seconds.

 @ Finish Output Timing Information

| Normal Termination. Task Finished on: Tue Jul  7 06:48:59 2026

======== FILE: ./taxol-1/taxol_def2-SVP.out ========
| ------------------------------------------------------------------------------------------------------------------------
|  1  -2936.213498225      ------        10.948     1        0.11     10.84      0.04    0.2434E+01  0.1354E-01  0.8121E+00
|  2  -2922.316476951  -.138970E+02      13.660     2        0.11     13.55      0.04    0.2309E+00  0.8294E-02  0.7998E+00
|  3  -2917.764154435  -.455232E+01      13.529     3        0.13     13.39      0.04    0.8811E+00  0.5034E-02  0.7661E+00
|   ***  Level shifting applied  ( HOMO-LUMO gap =  0.003 au ) ***
|  4  -2923.293255165  0.552910E+01      13.333     4        0.14     13.20      0.04    0.4030E+00  0.1815E-02  0.2004E+00
|   ***  Level shifting applied  ( HOMO-LUMO gap =  0.006 au ) ***
|  5  -2923.983463626  0.690208E+00      12.995     5        0.12     12.88      0.04    0.8711E-01  0.1215E-02  0.1072E+00
|  6  -2924.049846489  0.663829E-01      12.892     6        0.12     12.77      0.04    0.9154E-01  0.5219E-03  0.8845E-01
|  7  -2924.072311386  0.224649E-01      12.566     7        0.12     12.44      0.04    0.3526E-01  0.2453E-03  0.3043E-01
|  8  -2924.078521233  0.620985E-02      12.372     8        0.12     12.25      0.04    0.1008E-01  0.9605E-04  0.7361E-02
|  9  -2924.079776927  0.125569E-02      12.092     9        0.12     11.97      0.04    0.3965E-02  0.3078E-04  0.4197E-02
| 10  -2924.079893862  0.116935E-03      11.729    10        0.12     11.61      0.04    0.2471E-02  0.1262E-04  0.2119E-02
| 11  -2924.079916184  0.223217E-04      11.469     1        0.13     11.34      0.04    0.8084E-03  0.5273E-05  0.6520E-03
| 12  -2924.079920025  0.384163E-05      11.269     2        0.13     11.14      0.04    0.1714E-03  0.1985E-05  0.1758E-03
| 13  -2924.079920444  0.419039E-06      11.026     3        0.13     10.89      0.04    0.8733E-04  0.7823E-06  0.1084E-03
| 14  -2924.079920523  0.791460E-07      10.811     4        0.13     10.68      0.04    0.4250E-04  0.2891E-06  0.4134E-04
| ------------------------------------------------------------------------------------------------------------------------
| REACH CONVERGENCE AFTER  14 CYCLES
| MAX ERROR = 0.425041E-04   RMS CHANGE = 0.289083E-06   MAX CHANGE = 0.413425E-04
| -----------------------------------------------
 ALPHA ELECTRON DENSITY    =   223.0008090503
 BETA ELECTRON DENSITY     =   223.0008090503
 ELECTRONIC ENERGY    = -12591.149795847
 CORE_CORE REPULSION  =   9667.069875324
 TOTAL ENERGY         =  -2924.079920523

 @ End Energy calculation

  Skipping one-electron property calculation.

 @ Output Timing Information

------------- TIMING ---------------
| INITIAL GUESS TIME  =     1.253033000(  0.72%)
| DFT GRID OPERATIONS =     1.101869000(  0.64%)
| TOTAL SCF TIME      =   170.832252000( 98.52%)
|       TOTAL OP TIME      =   169.078992000( 97.51%)
|             TOTAL 1e TIME      =     0.140502000(  0.08%)
|             TOTAL 2e TIME      =    48.695270000( 28.08%)
|             TOTAL EXC TIME     =   119.980063000( 69.19%)
|       TOTAL DII TIME      =     1.728060000(  1.00%)
|             TOTAL DIAG TIME    =     0.523748000(  0.30%)
| TOTAL TIME          =   173.396622000
------------------------------------
| Job cpu time:  0 days  0 hours  2 minutes 53.4 seconds.

 @ Finish Output Timing Information

| Normal Termination. Task Finished on: Tue Jul  7 06:54:22 2026

======== FILE: ./taxol-1/taxol_6-31G.out ========
|  1  -2937.865485275      ------         5.729     1        0.03      5.70      0.02    0.2380E+01  0.1947E-01  0.6070E+00
|  2  -2923.506761648  -.143587E+02       6.240     2        0.03      6.20      0.02    0.2937E+00  0.1503E-01  0.1110E+01
|  3  -2915.954380982  -.755238E+01       6.146     3        0.04      6.10      0.02    0.7779E+00  0.9713E-02  0.7398E+00
|   ***  Level shifting applied  ( HOMO-LUMO gap =  0.003 au ) ***
|  4  -2924.619357937  0.866498E+01       6.082     4        0.04      6.04      0.02    0.2531E+00  0.3140E-02  0.1825E+00
|   ***  Level shifting applied  ( HOMO-LUMO gap =  0.038 au ) ***
|  5  -2925.257811683  0.638454E+00       5.957     5        0.04      5.92      0.02    0.5152E-01  0.1650E-02  0.1038E+00
|  6  -2925.266925613  0.911393E-02       5.882     6        0.04      5.84      0.02    0.1075E+00  0.6406E-03  0.6162E-01
|   ***  Level shifting applied  ( HOMO-LUMO gap =  0.089 au ) ***
|  7  -2925.303343511  0.364179E-01       5.740     7        0.04      5.70      0.02    0.1345E-01  0.2458E-03  0.1514E-01
|  8  -2925.304620431  0.127692E-02       5.643     8        0.04      5.60      0.02    0.7936E-02  0.1144E-03  0.8887E-02
|  9  -2925.305127531  0.507100E-03       5.551     9        0.04      5.51      0.02    0.3954E-02  0.5109E-04  0.4138E-02
| 10  -2925.305229839  0.102308E-03       5.457    10        0.04      5.42      0.02    0.1570E-02  0.1837E-04  0.1499E-02
| 11  -2925.305247602  0.177635E-04       5.338     1        0.04      5.29      0.02    0.4660E-03  0.6485E-05  0.3704E-03
| 12  -2925.305248672  0.106964E-05       5.242     2        0.04      5.20      0.02    0.2179E-03  0.2782E-05  0.2054E-03
| 13  -2925.305249077  0.404874E-06       5.162     3        0.04      5.12      0.02    0.8266E-04  0.1156E-05  0.7059E-04
| 14  -2925.305249117  0.397722E-07       5.079     4        0.04      5.04      0.02    0.4681E-04  0.5205E-06  0.4306E-04
| ------------------------------------------------------------------------------------------------------------------------
| REACH CONVERGENCE AFTER  14 CYCLES
| MAX ERROR = 0.468119E-04   RMS CHANGE = 0.520548E-06   MAX CHANGE = 0.430625E-04
| -----------------------------------------------
 ALPHA ELECTRON DENSITY    =   223.0009183334
 BETA ELECTRON DENSITY     =   223.0009183334
 ELECTRONIC ENERGY    = -12592.375124440
 CORE_CORE REPULSION  =   9667.069875324
 TOTAL ENERGY         =  -2925.305249117

 @ End Energy calculation

  Skipping one-electron property calculation.

 @ Output Timing Information

------------- TIMING ---------------
| INITIAL GUESS TIME  =     0.953714000(  1.17%)
| DFT GRID OPERATIONS =     1.081908000(  1.33%)
| TOTAL SCF TIME      =    79.328651000( 97.26%)
|       TOTAL OP TIME      =    78.764330000( 96.57%)
|             TOTAL 1e TIME      =     0.078975000(  0.10%)
|             TOTAL 2e TIME      =    21.301842000( 26.12%)
|             TOTAL EXC TIME     =    57.271470000( 70.22%)
|       TOTAL DII TIME      =     0.556624000(  0.68%)
|             TOTAL DIAG TIME    =     0.223097000(  0.27%)
| TOTAL TIME          =    81.559373000
------------------------------------
| Job cpu time:  0 days  0 hours  1 minutes 21.6 seconds.

 @ Finish Output Timing Information

| Normal Termination. Task Finished on: Tue Jul  7 06:31:56 2026

======== FILE: ./taxol-1/taxol_6-31G**.out ========
| ------------------------------------------------------------------------------------------------------------------------
|  1  -2937.922603729      ------        11.417     1        0.11     11.30      0.04    0.2311E+01  0.1068E-01  0.6262E+00
|  2  -2924.437257549  -.134853E+02      13.264     2        0.11     13.15      0.04    0.2753E+00  0.6859E-02  0.6433E+00
|  3  -2918.398512588  -.603874E+01      13.092     3        0.13     12.96      0.04    0.6889E+00  0.4332E-02  0.6711E+00
|   ***  Level shifting applied  ( HOMO-LUMO gap =  0.018 au ) ***
|  4  -2925.552097079  0.715358E+01      12.900     4        0.14     12.76      0.04    0.3190E+00  0.1438E-02  0.1831E+00
|   ***  Level shifting applied  ( HOMO-LUMO gap =  0.018 au ) ***
|  5  -2926.135654730  0.583558E+00      12.506     5        0.11     12.39      0.04    0.4443E-01  0.8329E-03  0.6227E-01
|  6  -2926.153718249  0.180635E-01      12.371     6        0.14     12.23      0.04    0.1086E+00  0.3134E-03  0.6218E-01
|   ***  Level shifting applied  ( HOMO-LUMO gap =  0.097 au ) ***
|  7  -2926.186400812  0.326826E-01      11.948     7        0.12     11.83      0.04    0.1331E-01  0.1276E-03  0.1165E-01
|  8  -2926.187414388  0.101358E-02      11.689     8        0.12     11.57      0.04    0.9663E-02  0.6427E-04  0.8236E-02
|  9  -2926.188109266  0.694878E-03      11.480     9        0.12     11.36      0.04    0.4119E-02  0.2608E-04  0.3305E-02
| 10  -2926.188209614  0.100348E-03      11.174    10        0.12     11.05      0.04    0.8318E-03  0.1021E-04  0.1018E-02
| 11  -2926.188225002  0.153882E-04      10.877     1        0.13     10.74      0.04    0.5340E-03  0.3655E-05  0.4520E-03
| 12  -2926.188227520  0.251797E-05      10.578     2        0.13     10.45      0.04    0.2210E-03  0.1458E-05  0.2414E-03
| 13  -2926.188227753  0.232914E-06      10.347     3        0.13     10.21      0.04    0.1310E-03  0.6836E-06  0.9881E-04
| ------------------------------------------------------------------------------------------------------------------------
| REACH CONVERGENCE AFTER  13 CYCLES
| MAX ERROR = 0.130995E-03   RMS CHANGE = 0.683587E-06   MAX CHANGE = 0.988125E-04
| -----------------------------------------------
 ALPHA ELECTRON DENSITY    =   223.0009189852
 BETA ELECTRON DENSITY     =   223.0009189852
 ELECTRONIC ENERGY    = -12593.258103076
 CORE_CORE REPULSION  =   9667.069875324
 TOTAL ENERGY         =  -2926.188227753

 @ End Energy calculation

  Skipping one-electron property calculation.

 @ Output Timing Information

------------- TIMING ---------------
| INITIAL GUESS TIME  =     1.256992000(  0.80%)
| DFT GRID OPERATIONS =     1.106427000(  0.71%)
| TOTAL SCF TIME      =   153.790223000( 98.35%)
|       TOTAL OP TIME      =   152.147012000( 97.30%)
|             TOTAL 1e TIME      =     0.146530000(  0.09%)
|             TOTAL 2e TIME      =    53.894759000( 34.47%)
|             TOTAL EXC TIME     =    97.851013000( 62.58%)
|       TOTAL DII TIME      =     1.619800000(  1.04%)
|             TOTAL DIAG TIME    =     0.490429000(  0.31%)
| TOTAL TIME          =   156.369779000
------------------------------------
| Job cpu time:  0 days  0 hours  2 minutes 36.4 seconds.

 @ Finish Output Timing Information

| Normal Termination. Task Finished on: Tue Jul  7 06:36:50 2026
